,,text,mentions,choose_one,class_label,
0,2,.@AmazonHelp: with my #PrimeMembership will I be able to stream @NBCThisisUs live tonight at 9:00pm EST? Thank you for advising!,"[{'screen_name': 'AmazonHelp', 'name': 'Amazon Help', 'id': 85741735, 'id_str': '85741735', 'indices': [1, 12]}, {'screen_name': 'NBCThisisUs', 'name': 'This Is Us', 'id': 712784228493037568, 'id_str': '712784228493037568', 'indices': [64, 76]}]",,2,
1,1,shame on you @amazon @AmazonHelp @JeffBezos https://t.co/Yk22WDFHjT,"[{'screen_name': 'amazon', 'name': 'Amazon.com', 'id': 20793816, 'id_str': '20793816', 'indices': [13, 20]}, {'screen_name': 'AmazonHelp', 'name': 'Amazon Help', 'id': 85741735, 'id_str': '85741735', 'indices': [21, 32]}, {'screen_name': 'JeffBezos', 'name': 'Jeff Bezos', 'id': 15506669, 'id_str': '15506669', 'indices': [33, 43]}]",,2,
2,1,"So @AmazonUK @AmazonHelp bunch of absolute crooks. I got my Fire to use just 6 specific apps, sadly only 2 of them are compatible with SD card, so I rely on the paltry internal storage. Since last OS update, you've added apps I don't want/can't remove rendering Fire not usable!","[{'screen_name': 'AmazonUK', 'name': 'Amazon.co.uk', 'id': 209004862, 'id_str': '209004862', 'indices': [3, 12]}, {'screen_name': 'AmazonHelp', 'name': 'Amazon Help', 'id': 85741735, 'id_str': '85741735', 'indices': [13, 24]}]",,2,
3,4,Also ich glaube nicht das diese Email von euch ist oder @AmazonHelp üòÖ https://t.co/tio8HtXVAj,"[{'screen_name': 'AmazonHelp', 'name': 'Amazon Help', 'id': 85741735, 'id_str': '85741735', 'indices': [56, 67]}]",,2,
4,1,"Right, I'm getting fed up of this. I have requested an invoice from Sunvalleytek-UK via Amazon for a purchase via Amazon twice. You @AmazonHelp have also requested it &amp; have escalated it. I've waited MORE that the 72 hours you requested &amp; STILL NO VAT INVOICE https://t.co/WEWZ89Bd0d","[{'screen_name': 'AmazonHelp', 'name': 'Amazon Help', 'id': 85741735, 'id_str': '85741735', 'indices': [132, 143]}]",,2,
5,1,"‚Å¶@amazon‚Å© ‚Å¶@AmazonHelp‚Å© My newest order, which contained hair products, arrived with one smashed open and leaked over everything. Can you help and replace? https://t.co/0VyawjZHuf","[{'screen_name': 'amazon', 'name': 'Amazon.com', 'id': 20793816, 'id_str': '20793816', 'indices': [1, 8]}, {'screen_name': 'AmazonHelp', 'name': 'Amazon Help', 'id': 85741735, 'id_str': '85741735', 'indices': [11, 22]}]",,2,
6,1,"So I order fifa 19 champions edition from Amazon UK and because I am not a Prime member or didn‚Äôt PAY for next day delivery, I will get the game Saturday. That early access code will be useless
What happened to receiving a digital code? @amazonhelp","[{'screen_name': 'AmazonHelp', 'name': 'Amazon Help', 'id': 85741735, 'id_str': '85741735', 'indices': [237, 248]}]",,2,
7,4,.@AmazonHelp vous ne livrez pas un article.pour lequel vous avez √©t√© pay√© ! √áa s'appelle comment √ßa en loi fran√ßaise .@PoliceNationale,"[{'screen_name': 'AmazonHelp', 'name': 'Amazon Help', 'id': 85741735, 'id_str': '85741735', 'indices': [1, 12]}, {'screen_name': 'PoliceNationale', 'name': 'Police nationale', 'id': 847396122, 'id_str': '847396122', 'indices': [118, 134]}]",,2,
8,1,Erm @AmazonHelp don't exactly appreciate a present turning up at the person's house like this? Could the gift note not have gone on top of the book? https://t.co/PusSMGoPen,"[{'screen_name': 'AmazonHelp', 'name': 'Amazon Help', 'id': 85741735, 'id_str': '85741735', 'indices': [4, 15]}]",,2,
9,1,"My first experience with AMZL US and the online record of delivery was a lie. The package was NOT ""handed directly to a resident"". Said resident was home and knows the package was left at the opposite end of the porch from the front door.  You never rang the doorbell. @AmazonHelp","[{'screen_name': 'AmazonHelp', 'name': 'Amazon Help', 'id': 85741735, 'id_str': '85741735', 'indices': [269, 280]}]",,2,
10,4,Lol ok @AmazonHelp https://t.co/Hd0m85Xet6,"[{'screen_name': 'AmazonHelp', 'name': 'Amazon Help', 'id': 85741735, 'id_str': '85741735', 'indices': [7, 18]}]",,2,
11,1,"When you pay for Fifa 19 early release and it doesn‚Äôt even turn up, reimburse me my ¬£20 you bunch of frauds @EASPORTSFIFA @AmazonHelp https://t.co/eMGxupXutV","[{'screen_name': 'EASPORTSFIFA', 'name': 'EA SPORTS FIFA', 'id': 105297123, 'id_str': '105297123', 'indices': [108, 121]}, {'screen_name': 'AmazonHelp', 'name': 'Amazon Help', 'id': 85741735, 'id_str': '85741735', 'indices': [122, 133]}]",,2,
12,1,Are you taking the piss @AmazonUK @AmazonHelp https://t.co/zeTKoxyNzX,"[{'screen_name': 'AmazonUK', 'name': 'Amazon.co.uk', 'id': 209004862, 'id_str': '209004862', 'indices': [24, 33]}, {'screen_name': 'AmazonHelp', 'name': 'Amazon Help', 'id': 85741735, 'id_str': '85741735', 'indices': [34, 45]}]",,2,
13,1,".@AmazonHelp  I need help understanding something.... Why am I paying $120 a year for Prime, for Free Two-Day shipping, when Prime eligible orders, are taking 3+ days to pack before even shipping? The Free two-day shipping is the only benefit I really use.","[{'screen_name': 'AmazonHelp', 'name': 'Amazon Help', 'id': 85741735, 'id_str': '85741735', 'indices': [1, 12]}]",,2,
14,1,Imagine paying extra to get Fifa today for @AmazonHelp @MyAmazon to delay delivery till Friday ! #shockingservice #fifa19,"[{'screen_name': 'AmazonHelp', 'name': 'Amazon Help', 'id': 85741735, 'id_str': '85741735', 'indices': [43, 54]}, {'screen_name': 'MyAmazon', 'name': 'MyAmazon', 'id': 2390062825, 'id_str': '2390062825', 'indices': [55, 64]}]",,2,
15,1,I'm here @AmazonHelp @amazon Where are you and where is my package? https://t.co/kqf4VdnWKj,"[{'screen_name': 'AmazonHelp', 'name': 'Amazon Help', 'id': 85741735, 'id_str': '85741735', 'indices': [9, 20]}, {'screen_name': 'amazon', 'name': 'Amazon.com', 'id': 20793816, 'id_str': '20793816', 'indices': [21, 28]}]",,2,
16,1,So help me god if this is not in vestal today!ü§¨ @AmazonHelp https://t.co/b889aakdrB,"[{'screen_name': 'AmazonHelp', 'name': 'Amazon Help', 'id': 85741735, 'id_str': '85741735', 'indices': [48, 59]}]",,2,
17,1,What‚Äôs the driver doing on his drops üëÄ. I‚Äôm still waiting @AmazonHelp @AmazonUK https://t.co/4qMbwgA8x0,"[{'screen_name': 'AmazonHelp', 'name': 'Amazon Help', 'id': 85741735, 'id_str': '85741735', 'indices': [58, 69]}, {'screen_name': 'AmazonUK', 'name': 'Amazon.co.uk', 'id': 209004862, 'id_str': '209004862', 'indices': [70, 79]}]",,2,
18,3,Props to @AmazonHelp chat people! The weirder the issue the better they solve it!,"[{'screen_name': 'AmazonHelp', 'name': 'Amazon Help', 'id': 85741735, 'id_str': '85741735', 'indices': [9, 20]}]",,2,
19,1,"Thread:
How to con an honest trusting person.

1. Join Amazon as delivery guy
2. Take out orders on delivery and mark some of the prepaid items as delivered and keep it for yourself
3. Make sure you sign initials
4. And that's pretty much it
@amazon @AmazonHelp @amazonIN","[{'screen_name': 'amazon', 'name': 'Amazon.com', 'id': 20793816, 'id_str': '20793816', 'indices': [242, 249]}, {'screen_name': 'AmazonHelp', 'name': 'Amazon Help', 'id': 85741735, 'id_str': '85741735', 'indices': [250, 261]}, {'screen_name': 'amazonIN', 'name': 'Amazon.in', 'id': 1282946089, 'id_str': '1282946089', 'indices': [262, 271]}]",,2,
20,1,"Order: 171-1972147-6706719
This order is shipped &amp; now seller is making me fool by saying that we don't have enough raw material to produce this product.
The product is listed on your website at higher price tag.
Very irresponsible behavior by your customer care too.@AmazonHelp","[{'screen_name': 'AmazonHelp', 'name': 'Amazon Help', 'id': 85741735, 'id_str': '85741735', 'indices': [271, 282]}]",,2,
21,1,.@AmazonHelp I can‚Äôt log into my account because it‚Äôs locked but in the email it says I need to log into my account to unlock it. But I can‚Äôt #help https://t.co/ShK1wiw54t,"[{'screen_name': 'AmazonHelp', 'name': 'Amazon Help', 'id': 85741735, 'id_str': '85741735', 'indices': [1, 12]}]",,2,
22,1,Hey @AmazonHelp. You have delivered an incorrect package that doesn't belong to me. How do I contact you? Your chat button doesn't seem to work.,"[{'screen_name': 'AmazonHelp', 'name': 'Amazon Help', 'id': 85741735, 'id_str': '85741735', 'indices': [4, 15]}]",,2,
23,4,"Es hat sich mit meinem #AppleTV herausgestellt, dass mein 5 Jahre alter #Samsung TV der Verursacher der Bildfehler ist. Das Ger√§t berechnet die Bildsch√§rfe wohl inkompatibel zur Box von Apple, wodurch die Bildfehler entstehen. An Einstellungen spielen hilft etwas. @AmazonHelp ...","[{'screen_name': 'AmazonHelp', 'name': 'Amazon Help', 'id': 85741735, 'id_str': '85741735', 'indices': [265, 276]}]",,2,
24,1,Thanks @RoyalMail for sending my parcel to the wrong depot üò°Paid more to receive #FIFA19ChampionsEdition with three days early access. @AmazonHelp dispatch it on time and then it was inexplicably sent to the wrong place üëèüèº Well that was a waste of money,"[{'screen_name': 'RoyalMail', 'name': 'Royal Mail', 'id': 96965958, 'id_str': '96965958', 'indices': [7, 17]}, {'screen_name': 'AmazonHelp', 'name': 'Amazon Help', 'id': 85741735, 'id_str': '85741735', 'indices': [135, 146]}]",,2,
25,4,Quelqu‚Äôun a test√© #Alexa en anglais ? Car en fran√ßais c‚Äôest vraiment une catastrophe ü§Æ quand est ce que √ßa ne passe plus en b√™ta ? @AmazonHelp,"[{'screen_name': 'AmazonHelp', 'name': 'Amazon Help', 'id': 85741735, 'id_str': '85741735', 'indices': [131, 142]}]",,2,
26,1,"For the second time in less than a week @AmazonUK have failed to deliver a parcel on time!

At least you're consistent with your piss poor service @AmazonHelp","[{'screen_name': 'AmazonUK', 'name': 'Amazon.co.uk', 'id': 209004862, 'id_str': '209004862', 'indices': [40, 49]}, {'screen_name': 'AmazonHelp', 'name': 'Amazon Help', 'id': 85741735, 'id_str': '85741735', 'indices': [147, 158]}]",,2,
27,4,"Wenn alles so problemlos funktionieren w√ºrde, wie der Kundenservice von @AmazonHelp. Habe dort angerufen und bekam sehr schnelle Hilfe und in wenigen Minuten war alles geregelt. Danke!","[{'screen_name': 'AmazonHelp', 'name': 'Amazon Help', 'id': 85741735, 'id_str': '85741735', 'indices': [72, 83]}]",,2,
28,4,ƒ∞≈üte @amazon tarafƒ±ndan neredeyse bir hafta gibi bir s√ºrede Istanbul‚Äôun g√∂beƒüindeki adresime @mngkargo ile ula≈ütƒ±rƒ±lan (!) kargonun cesameti. @AmazonHelp https://t.co/PxUcBwLfNu,"[{'screen_name': 'amazon', 'name': 'Amazon.com', 'id': 20793816, 'id_str': '20793816', 'indices': [5, 12]}, {'screen_name': 'mngkargo', 'name': 'MNG Kargo', 'id': 368223899, 'id_str': '368223899', 'indices': [93, 102]}, {'screen_name': 'AmazonHelp', 'name': 'Amazon Help', 'id': 85741735, 'id_str': '85741735', 'indices': [142, 153]}]",,2,
29,4,"Cc @AmazonHelp j'ai un probl√®me avec une commande ""Perdu"" üëÄ","[{'screen_name': 'AmazonHelp', 'name': 'Amazon Help', 'id': 85741735, 'id_str': '85741735', 'indices': [3, 14]}]",,2,
30,2,".@AmazonHelp it seems like your ""Amazon Influencers"" pages aren't working properly. Is this something that's being worked on?","[{'screen_name': 'AmazonHelp', 'name': 'Amazon Help', 'id': 85741735, 'id_str': '85741735', 'indices': [1, 12]}]",,2,
31,1,"Hi @AmazonHelp your delivery service is broken &amp; your customer service has gone to dogs. Trying to get a package delivered since Saturday, everyday your representatives on chat promise it will come next day &amp; never arrived. Finally cancelled via phone. #AmazonPrimeSham","[{'screen_name': 'AmazonHelp', 'name': 'Amazon Help', 'id': 85741735, 'id_str': '85741735', 'indices': [3, 14]}]",,2,
32,4,Ma veramente @AmazonHelp ti dice anche a quante fermate sta l‚Äôautista?! üò± https://t.co/CO8IItxUEc,"[{'screen_name': 'AmazonHelp', 'name': 'Amazon Help', 'id': 85741735, 'id_str': '85741735', 'indices': [13, 24]}]",,2,
33,4,Dites @AmazonHelp c'est normal que le produit fuit comme √ßa ? https://t.co/U9LVo5iFKG,"[{'screen_name': 'AmazonHelp', 'name': 'Amazon Help', 'id': 85741735, 'id_str': '85741735', 'indices': [6, 17]}]",,2,
34,4,Dites @AmazonHelp c'est normal que le produit fuit comme √ßa ? https://t.co/NiXgCDpEx8,"[{'screen_name': 'AmazonHelp', 'name': 'Amazon Help', 'id': 85741735, 'id_str': '85741735', 'indices': [6, 17]}]",,2,
35,4,"Dear @amazon @AmazonHelp , please let me know if any of your customer forgets his/her email ID and wants to retrieve his/her account which has confidential details like credit card details, address etc how he/she can do it ! Unfortunately you people don't have any policy for that","[{'screen_name': 'amazon', 'name': 'Amazon.com', 'id': 20793816, 'id_str': '20793816', 'indices': [5, 12]}, {'screen_name': 'AmazonHelp', 'name': 'Amazon Help', 'id': 85741735, 'id_str': '85741735', 'indices': [13, 24]}]",,2,
36,4,‡§Ü‡§™‡§®‡•á ‡§ï‡•ç‡§Ø‡§æ ‡§∏‡•ã‡§ö ‡§ï‡•á @VodafoneIN ‡§ï‡•á ‡§∏‡§æ‡§• @PrimeVideoIN ‡§ï‡§æ ‡§∏‡§Æ‡§ù‡•ã‡§§‡§æ ‡§ï‡§ø‡§Ø‡§æ ‡§è‡§∏‡•Ä ‡§ï‡•ç‡§Ø‡§æ ‡§Æ‡§ú‡§¨‡•Ç‡§∞‡•Ä ‡§•‡•Ä ? @AmazonHelp,"[{'screen_name': 'VodafoneIN', 'name': 'Vodafone', 'id': 61180382, 'id_str': '61180382', 'indices': [17, 28]}, {'screen_name': 'PrimeVideoIN', 'name': 'Amazon PrimeVideo IN', 'id': 758172291754823680, 'id_str': '758172291754823680', 'indices': [36, 49]}, {'screen_name': 'AmazonHelp', 'name': 'Amazon Help', 'id': 85741735, 'id_str': '85741735', 'indices': [86, 97]}]",,2,
37,1,"Hey @AmazonHelp, I became a prime member at @amazonDE just to get my delivery one day sooner. I just learned that it will not be delivered today, despite your promises. So disappointed - thanks for nothing.","[{'screen_name': 'AmazonHelp', 'name': 'Amazon Help', 'id': 85741735, 'id_str': '85741735', 'indices': [4, 15]}, {'screen_name': 'amazonDE', 'name': 'Amazon.de', 'id': 3823848513, 'id_str': '3823848513', 'indices': [44, 53]}]",,2,
38,2,Hi @AmazonHelp we've received two parcels addressed to somebody who lived at our flat before us. We don't have a forwarding address - how do we return them to you to get to the right place?,"[{'screen_name': 'AmazonHelp', 'name': 'Amazon Help', 'id': 85741735, 'id_str': '85741735', 'indices': [3, 14]}]",,2,
39,1,Am I the only one that hasn‚Äôt got Fifa yet even though I pre ordered champions edition from @AmazonHelp and was supposed to come today,"[{'screen_name': 'AmazonHelp', 'name': 'Amazon Help', 'id': 85741735, 'id_str': '85741735', 'indices': [92, 103]}]",,2,
40,2,Did @Amazon quietly drop the free same or next day shipping on $35+ orders at some shipping centers? I'm not seeing the option anymore. @AmazonHelp,"[{'screen_name': 'amazon', 'name': 'Amazon.com', 'id': 20793816, 'id_str': '20793816', 'indices': [4, 11]}, {'screen_name': 'AmazonHelp', 'name': 'Amazon Help', 'id': 85741735, 'id_str': '85741735', 'indices': [136, 147]}]",,2,
41,1,"Feeling irritated with Amazon customer care. One executive said ""The order will be delivered by 28-Sept"" other one saying ""It is getting returned to seller."" pathetic experience. Atleast give proper training. @amazonIN @AmazonHelp","[{'screen_name': 'amazonIN', 'name': 'Amazon.in', 'id': 1282946089, 'id_str': '1282946089', 'indices': [209, 218]}, {'screen_name': 'AmazonHelp', 'name': 'Amazon Help', 'id': 85741735, 'id_str': '85741735', 'indices': [219, 230]}]",,2,
42,4,"Cada vez mas me estan decepcionando los plazos de entrega del reparto de @AmazonHelp... cada dia peor.. como les ha llegado a ellos a las 9 y el repartidor ya habra salido, pues tu te jodes y despues. @amazon va a subir el precio del prime üôÑüôÑ https://t.co/MYUDFIrmqh","[{'screen_name': 'AmazonHelp', 'name': 'Amazon Help', 'id': 85741735, 'id_str': '85741735', 'indices': [73, 84]}, {'screen_name': 'amazon', 'name': 'Amazon.com', 'id': 20793816, 'id_str': '20793816', 'indices': [201, 208]}]",,2,
43,1,Seriously @amazonIN what in the blue hell is this shit ?!?!? @AmazonHelp https://t.co/s0Q5kBfB2L,"[{'screen_name': 'amazonIN', 'name': 'Amazon.in', 'id': 1282946089, 'id_str': '1282946089', 'indices': [10, 19]}, {'screen_name': 'AmazonHelp', 'name': 'Amazon Help', 'id': 85741735, 'id_str': '85741735', 'indices': [61, 72]}]",,2,
44,1,Had the day off work for Fifa 19 and @amazonhelp haven‚Äôt even posted it yet. Absolutely useless considering I have prime and paid nearly ¬£100 for a game,"[{'screen_name': 'AmazonHelp', 'name': 'Amazon Help', 'id': 85741735, 'id_str': '85741735', 'indices': [37, 48]}]",,2,
45,1,Ordered on 15 Sep because of the ad @AmazonHelp Amazon displayed - 2 Day Delivery. Then at further drilling after the order I read at selected location. This is fraud and cheating. Almost 10 days after the shipment is further delayed. Pathetic Amazon service. #mylastamazonorder https://t.co/DCQ0u0FKZs,"[{'screen_name': 'AmazonHelp', 'name': 'Amazon Help', 'id': 85741735, 'id_str': '85741735', 'indices': [36, 47]}]",,2,
46,1,"Following @AmazonHelp delivery on my phone from 9 stops before for last 30 mins they been all over, been down my street when got to 3 deliveries went by house n out street now heading away! Still says 3 stops","[{'screen_name': 'AmazonHelp', 'name': 'Amazon Help', 'id': 85741735, 'id_str': '85741735', 'indices': [10, 21]}]",,2,
47,1,When you‚Äôre subscribed to @amazon Prime and suddenly can‚Äôt use your @PrimeVideo acct bcuz of your region üò° Using a VPN also blocks access! Let‚Äôs just say my son isn‚Äôt happy @AmazonHelp what should families do when they travel?,"[{'screen_name': 'amazon', 'name': 'Amazon.com', 'id': 20793816, 'id_str': '20793816', 'indices': [26, 33]}, {'screen_name': 'PrimeVideo', 'name': 'Amazon Prime Video', 'id': 17220817, 'id_str': '17220817', 'indices': [68, 79]}, {'screen_name': 'AmazonHelp', 'name': 'Amazon Help', 'id': 85741735, 'id_str': '85741735', 'indices': [173, 184]}]",,2,
48,1,"Aaarrggghhh. Have been monitoring the progress of an @AmazonHelp delivery all day, meant to be delivered today, and it's just switched to ""sorry, there's a delay"" with no explanation. Tried calling customer service and they were (unusually) useless. Infuriating.","[{'screen_name': 'AmazonHelp', 'name': 'Amazon Help', 'id': 85741735, 'id_str': '85741735', 'indices': [53, 64]}]",,2,
49,1,I've ordered Fifa 19 champions edition to have 3 days early access for Amazon not to deliver on the day and is now expected to be delivered tomorrow or the 27th what was the point in me paying ¬£20 extra @AmazonHelp,"[{'screen_name': 'AmazonHelp', 'name': 'Amazon Help', 'id': 85741735, 'id_str': '85741735', 'indices': [203, 214]}]",,2,
50,1,Dear @AmazonHelp please explain to me how I place a prime order on Tuesday morning and the second day shipping says it'll be here the following MONDAY?!?! Also Placed an order last Friday (Prime shipping) and as of today (TUESDAY) it hasn't even shipped!!!,"[{'screen_name': 'AmazonHelp', 'name': 'Amazon Help', 'id': 85741735, 'id_str': '85741735', 'indices': [5, 16]}]",,2,
51,1,If I call customer services and scream you‚Äôll say I‚Äôm mad. This is ridiculous. AGAIN. @AmazonHelp https://t.co/M6SEwSqIX3,"[{'screen_name': 'AmazonHelp', 'name': 'Amazon Help', 'id': 85741735, 'id_str': '85741735', 'indices': [86, 97]}]",,2,
52,1,so I got hit w an overdraft fee before I can even get my refund great lol @AmazonHelp,"[{'screen_name': 'AmazonHelp', 'name': 'Amazon Help', 'id': 85741735, 'id_str': '85741735', 'indices': [74, 85]}]",,2,
53,1,"Err, @AmazonUK @AmazonHelp, was this collosal box (padded out with masses of plastic) really necessary to send this one small box of unbreakable tablets? Have you heard that you're meant to be reducing packaging? https://t.co/FZE7H2sUOy","[{'screen_name': 'AmazonUK', 'name': 'Amazon.co.uk', 'id': 209004862, 'id_str': '209004862', 'indices': [5, 14]}, {'screen_name': 'AmazonHelp', 'name': 'Amazon Help', 'id': 85741735, 'id_str': '85741735', 'indices': [15, 26]}]",,2,
54,4,"Thank you Professor Thomas Seyfried  @tnseyfried author of Cancer as a Metabolic Disease for your feedback on my book, which I hope @AmazonHelp  have now made available to anyone wanting to read it. https://t.co/YDBnSyfWlO","[{'screen_name': 'tnseyfried', 'name': 'Thomas N. Seyfried', 'id': 718307748849573889, 'id_str': '718307748849573889', 'indices': [37, 48]}, {'screen_name': 'AmazonHelp', 'name': 'Amazon Help', 'id': 85741735, 'id_str': '85741735', 'indices': [132, 143]}]",,2,
55,4,Bonjour @AmazonHelp √† quand une nouvelle journ√©e ¬´¬†Prime Day¬†¬ª comme cet √ât√© ? √Ä bient√¥t üòâ,"[{'screen_name': 'AmazonHelp', 'name': 'Amazon Help', 'id': 85741735, 'id_str': '85741735', 'indices': [8, 19]}]",,2,
56,1,What a waste of packaging üôÑ@AmazonHelp https://t.co/62HEMIz6Nq,"[{'screen_name': 'AmazonHelp', 'name': 'Amazon Help', 'id': 85741735, 'id_str': '85741735', 'indices': [27, 38]}]",,2,
57,4,"Auf auf zum #Apple Store in #Wien. #AppleTV umtauschen. Bildfehler ... 

#AmazonPrime St√∂rung kommt doch vom Ger√§t ... O.o @AmazonHelp","[{'screen_name': 'AmazonHelp', 'name': 'Amazon Help', 'id': 85741735, 'id_str': '85741735', 'indices': [123, 134]}]",,2,
58,4,Una semana de retraso y cuando al fin @AmazonHelp me trae mi paquete est√° estropeado. S√∫per descontenta con el servicio. https://t.co/Z1gL77Jvqq,"[{'screen_name': 'AmazonHelp', 'name': 'Amazon Help', 'id': 85741735, 'id_str': '85741735', 'indices': [38, 49]}]",,2,
59,1,Annoyed w/Amazon @AmazonHelp how do you attempt to deliver and then lose my package?!,"[{'screen_name': 'AmazonHelp', 'name': 'Amazon Help', 'id': 85741735, 'id_str': '85741735', 'indices': [17, 28]}]",,2,
60,4,"Dis voir, @Chronopost c'est normal qu'un de tes livreurs me dit qu'un colis d'Amazon (@AmazonHelp) peut pas √™tre d√©pos√© en relais colis ou a la poste ? Qu'il m'a pas laiss√© le choix de le d√©poser a un voisin ! Alors que bon mon voisin il a peut √™tre d'autres trucs √† faire ...","[{'screen_name': 'Chronopost', 'name': 'Chronopost', 'id': 1533485762, 'id_str': '1533485762', 'indices': [10, 21]}, {'screen_name': 'AmazonHelp', 'name': 'Amazon Help', 'id': 85741735, 'id_str': '85741735', 'indices': [86, 97]}]",,2,
61,4,"hallo @amazonhelp, warum kommt es SCHON WIEDER vor, dass ich ein buch monate im voraus bestellt habe und der liefertermin trotzdem erst 10 tage nach erscheinungsdatum liegt?","[{'screen_name': 'AmazonHelp', 'name': 'Amazon Help', 'id': 85741735, 'id_str': '85741735', 'indices': [6, 17]}]",,2,
62,4,Hey @AmazonHelp vous pensez que je serais livr√©e aujourd'hui ? https://t.co/oAfwwoukWZ,"[{'screen_name': 'AmazonHelp', 'name': 'Amazon Help', 'id': 85741735, 'id_str': '85741735', 'indices': [4, 15]}]",,2,
63,1,"Why is @amazon delivery so messed up? They really need to look up what home delivery means. #Amazon 
@AmazonHelp","[{'screen_name': 'amazon', 'name': 'Amazon.com', 'id': 20793816, 'id_str': '20793816', 'indices': [7, 14]}, {'screen_name': 'AmazonHelp', 'name': 'Amazon Help', 'id': 85741735, 'id_str': '85741735', 'indices': [101, 112]}]",,2,
64,1,Hey .@AmazonHelp is ignoring your customers' emails your way of replying to queries? Because I'm still waiting,"[{'screen_name': 'AmazonHelp', 'name': 'Amazon Help', 'id': 85741735, 'id_str': '85741735', 'indices': [5, 16]}]",,2,
65,1,"Thanks for the Poor and third class service @amazonIN 
Ordered a product 2 months back and haven‚Äôt received yet. 
Order  number 404-8239989-1808363.
After several mails and refund requests I‚Äôm still on the same page .
@amazon @AmazonHelp 
@consumercourtin","[{'screen_name': 'amazonIN', 'name': 'Amazon.in', 'id': 1282946089, 'id_str': '1282946089', 'indices': [44, 53]}, {'screen_name': 'amazon', 'name': 'Amazon.com', 'id': 20793816, 'id_str': '20793816', 'indices': [218, 225]}, {'screen_name': 'AmazonHelp', 'name': 'Amazon Help', 'id': 85741735, 'id_str': '85741735', 'indices': [226, 237]}, {'screen_name': 'consumercourtin', 'name': 'Consumer Court India', 'id': 3248383818, 'id_str': '3248383818', 'indices': [239, 255]}]",,2,
66,4,"Ein EchoDot der 1. Generation, der st√§ndig die Internet-Verbindung verliert, soll das so @AmazonHelp ? Ja, er steht nah dran und frei, alle Ger√§te wurden mehrfach durchgestartet, es bleibt einfach sch...lecht.","[{'screen_name': 'AmazonHelp', 'name': 'Amazon Help', 'id': 85741735, 'id_str': '85741735', 'indices': [89, 100]}]",,2,
67,4,"Hey @AmazonHelp, ich brauche Kontakt zu einem bestimmten Mitarbeiter bei euch in der technischen Abteilung, ist das irgendwie m√∂glich?","[{'screen_name': 'AmazonHelp', 'name': 'Amazon Help', 'id': 85741735, 'id_str': '85741735', 'indices': [4, 15]}]",,2,
68,1,How can restricting purchases of my book 'lower prices and improve availablity'? This is nonsense. Fix this immediately please @AmazonHelp https://t.co/yPXQWZtXKr,"[{'screen_name': 'AmazonHelp', 'name': 'Amazon Help', 'id': 85741735, 'id_str': '85741735', 'indices': [127, 138]}]",,2,
69,1,I have problem in my Bluetooth earphones order from Amazon I have talk to company but they are telling me to deliver at their address with long procedures as I am studying in 12th class and leaving far away from parents so Amazon can u help me @amazonIN @AmazonHelp @amazon,"[{'screen_name': 'amazonIN', 'name': 'Amazon.in', 'id': 1282946089, 'id_str': '1282946089', 'indices': [244, 253]}, {'screen_name': 'AmazonHelp', 'name': 'Amazon Help', 'id': 85741735, 'id_str': '85741735', 'indices': [254, 265]}, {'screen_name': 'amazon', 'name': 'Amazon.com', 'id': 20793816, 'id_str': '20793816', 'indices': [266, 273]}]",,2,
70,1,"can someone PLEASE explain the price difference to me? the exact same shirt = $15.99 on https://t.co/ja4BuDH5JZ and $67 on https://t.co/USfsY7eZbF??? this happens with sooo many products, &amp; a lot of times the products on https://t.co/ja4BuDH5JZ won‚Äôt ship to Canada üòë @AmazonHelp https://t.co/WFoE0FMi7T","[{'screen_name': 'AmazonHelp', 'name': 'Amazon Help', 'id': 85741735, 'id_str': '85741735', 'indices': [272, 283]}]",,2,
71,4,"Almanya‚Äôda √ßalƒ±≈ümakta olan @amazon @AmazonHelp tarafƒ±ndan arandƒ±m ve sabah 10:00 civarƒ±nda sipari≈üim adrese teslim edildi. ƒ∞ddiaya g√∂re hata @mngkargo ‚Äònun... Ama bu Amazon ile kargo ≈üirketi arasƒ±nda bir sorun. Ha, bir de 25 TL‚Äôlik hediye √ßeki ile ‚Äútelafi‚Äù yoluna gidilmi≈ü. https://t.co/ZwX0PvGgA7","[{'screen_name': 'amazon', 'name': 'Amazon.com', 'id': 20793816, 'id_str': '20793816', 'indices': [27, 34]}, {'screen_name': 'AmazonHelp', 'name': 'Amazon Help', 'id': 85741735, 'id_str': '85741735', 'indices': [35, 46]}, {'screen_name': 'mngkargo', 'name': 'MNG Kargo', 'id': 368223899, 'id_str': '368223899', 'indices': [141, 150]}]",,2,
72,1,I live in a cando @AmazonHelp !! WTF does it mean Business Closed due to holiday even means!! Please ship my stuff with professionals like USPS or UPS than kids driving Uhaul. https://t.co/LQNQW61xxr,"[{'screen_name': 'AmazonHelp', 'name': 'Amazon Help', 'id': 85741735, 'id_str': '85741735', 'indices': [18, 29]}]",,2,
73,2,"Hey  @AmazonHelp,
I have a concern to share. Find additional info in dm by @SpeakUp_IN, reference id: 1t061.
#SpeakUp","[{'screen_name': 'AmazonHelp', 'name': 'Amazon Help', 'id': 85741735, 'id_str': '85741735', 'indices': [5, 16]}, {'screen_name': 'SpeakUp_IN', 'name': 'SpeakUp', 'id': 803555957733109760, 'id_str': '803555957733109760', 'indices': [75, 86]}]",,2,
74,4,Je me demande depuis quand une bo√Æte au lettre peux sign√©. @AmazonHelp @AmazonNewsFR #maboiteaulettreadesmains https://t.co/tQUNIkECSa,"[{'screen_name': 'AmazonHelp', 'name': 'Amazon Help', 'id': 85741735, 'id_str': '85741735', 'indices': [59, 70]}, {'screen_name': 'AmazonNewsFR', 'name': 'AmazonNewsFR', 'id': 3823924421, 'id_str': '3823924421', 'indices': [71, 84]}]",,2,
75,4,#Amazon addict  :o @AmazonHelp https://t.co/1LJv44gX3M,"[{'screen_name': 'AmazonHelp', 'name': 'Amazon Help', 'id': 85741735, 'id_str': '85741735', 'indices': [19, 30]}]",,2,
76,1,"#Amazon @MyAmazon @amazon @MyAmazon Amazon India befooling customers, committing fradulent activities..@AmazonHelp Kindly look into the matter@AmazonNews_IN @davehclark","[{'screen_name': 'MyAmazon', 'name': 'MyAmazon', 'id': 2390062825, 'id_str': '2390062825', 'indices': [8, 17]}, {'screen_name': 'amazon', 'name': 'Amazon.com', 'id': 20793816, 'id_str': '20793816', 'indices': [18, 25]}, {'screen_name': 'MyAmazon', 'name': 'MyAmazon', 'id': 2390062825, 'id_str': '2390062825', 'indices': [26, 35]}, {'screen_name': 'AmazonHelp', 'name': 'Amazon Help', 'id': 85741735, 'id_str': '85741735', 'indices': [103, 114]}, {'screen_name': 'davehclark', 'name': 'Dave Clark', 'id': 796662787346984960, 'id_str': '796662787346984960', 'indices': [157, 168]}]",,2,
77,1,I'm at the point now with my Power of the Primes Nemesis Prime Pre-Order with https://t.co/e7eoFrLz1I I'm thinking of cancelling it and using the vouchers for something else. 6 months with no updates apart from having to demand the answers. Anything you can advise @AmazonHelp,"[{'screen_name': 'AmazonHelp', 'name': 'Amazon Help', 'id': 85741735, 'id_str': '85741735', 'indices': [265, 276]}]",,2,
78,4,Amazon qui surbook une √©dition collector c'est limite mais qu'ils annoncent le jour m√™me de l'envoi. que finalement non aucun envoi et aucune confirmation de nouvelle dispo. Vous auriez au moins pu pr√©venir avant. juste envie d'annuler toutes les commandes chez vous @AmazonHelp,"[{'screen_name': 'AmazonHelp', 'name': 'Amazon Help', 'id': 85741735, 'id_str': '85741735', 'indices': [267, 278]}]",,2,
79,1,"It literally went from ‚Äúit‚Äôll be there on the 28th at the latest‚Äù to this???

Ordered on Amazon prime as well üôÑ

@amazon @AmazonUK @AmazonHelp https://t.co/B6ACxFvDBt","[{'screen_name': 'amazon', 'name': 'Amazon.com', 'id': 20793816, 'id_str': '20793816', 'indices': [113, 120]}, {'screen_name': 'AmazonUK', 'name': 'Amazon.co.uk', 'id': 209004862, 'id_str': '209004862', 'indices': [121, 130]}, {'screen_name': 'AmazonHelp', 'name': 'Amazon Help', 'id': 85741735, 'id_str': '85741735', 'indices': [131, 142]}]",,2,
80,4,"Warum ist es immernoch nicht m√∂glich die Ultimate Edition von #fifa19 herunterzuladen? Man hat immerhin 35 Euro mehr daf√ºr bezahlt 3-Tage fr√ºher zuspielen.  
Ich habe es btw. √ºber Amazon vorbestellt...
@EAHelp @PlayStation @PlayStationDE @AskPlayStation @AmazonHelp @EAFussball","[{'screen_name': 'EAHelp', 'name': 'EA Help', 'id': 80420672, 'id_str': '80420672', 'indices': [202, 209]}, {'screen_name': 'PlayStation', 'name': 'PlayStation', 'id': 10671602, 'id_str': '10671602', 'indices': [210, 222]}, {'screen_name': 'PlayStationDE', 'name': 'PlayStationDE', 'id': 40953865, 'id_str': '40953865', 'indices': [223, 237]}, {'screen_name': 'AskPlayStation', 'name': 'Ask PlayStation', 'id': 146540920, 'id_str': '146540920', 'indices': [238, 253]}, {'screen_name': 'AmazonHelp', 'name': 'Amazon Help', 'id': 85741735, 'id_str': '85741735', 'indices': [254, 265]}, {'screen_name': 'EAFussball', 'name': 'EA SPORTS FIFA', 'id': 84277929, 'id_str': '84277929', 'indices': [266, 277]}]",,2,
81,4,"Despu√©s de un mes y Fernanda no solucionarlo, Kenneth sigue sin saber. 8 d√≠as despu√©s sigo sin soluci√≥n y ya esperando el reembolso desde el 17 de agosto. Nueva llamada a @AmazonHelp nueva persona que me lo va a ‚Äúsolucionar‚Äù, el problema y desentendimiento de @AmazonESP continua https://t.co/iLSGobo4Gz","[{'screen_name': 'AmazonHelp', 'name': 'Amazon Help', 'id': 85741735, 'id_str': '85741735', 'indices': [171, 182]}, {'screen_name': 'AmazonESP', 'name': 'Amazon.es', 'id': 348339816, 'id_str': '348339816', 'indices': [260, 270]}]",,2,
82,4,"Hey @AmazonFrance @AmazonHelp, 2 fois que je retrouve mon colis OUVERT dans la bo√Æte, √† c√¥t√© de l‚Äôemballage. Je veux bien que la bo√Æte aux lettres soit petite mais j‚Äôai aussi une sonnette et je travaille chez moi. Donc nul besoin de forcer et d‚Äôab√Æmer mon produit ni de l‚Äôouvrir. https://t.co/50YI5amfPq","[{'screen_name': 'AmazonFrance', 'name': 'Amazon.fr', 'id': 3823963875, 'id_str': '3823963875', 'indices': [4, 17]}, {'screen_name': 'AmazonHelp', 'name': 'Amazon Help', 'id': 85741735, 'id_str': '85741735', 'indices': [18, 29]}]",,2,
83,1,"#snapdeal We don't want to purchase any product from where we cant contact customer care team 
We have tried soo many on 9212692126 but there is only IVR, there is no option for contacting customer care
@snapdeal
@Snapdeal_Help
@SnapdealTech 
@AmazonHelp 
@Flipkart","[{'screen_name': 'snapdeal', 'name': 'Snapdeal', 'id': 108900981, 'id_str': '108900981', 'indices': [203, 212]}, {'screen_name': 'Snapdeal_Help', 'name': 'Snapdeal_Help', 'id': 392660490, 'id_str': '392660490', 'indices': [213, 227]}, {'screen_name': 'SnapdealTech', 'name': 'Snapdeal Tech', 'id': 2677345363, 'id_str': '2677345363', 'indices': [228, 241]}, {'screen_name': 'AmazonHelp', 'name': 'Amazon Help', 'id': 85741735, 'id_str': '85741735', 'indices': [243, 254]}, {'screen_name': 'Flipkart', 'name': 'Flipkart', 'id': 57947109, 'id_str': '57947109', 'indices': [256, 265]}]",,2,
84,4,"Fifa 19 Ultimate Edition √ºber @amazonDE bestellt, sollte seit 0 Uhr heute eigentlich spielen k√∂nnen, aber mir ist es immer noch nicht m√∂glich den Download zu aktivieren. üòíüëéüèΩ
@PlayStationDE @AmazonNewsDE @AmazonHelp @EASPORTSFIFA https://t.co/G8sKuYPJHv","[{'screen_name': 'amazonDE', 'name': 'Amazon.de', 'id': 3823848513, 'id_str': '3823848513', 'indices': [30, 39]}, {'screen_name': 'PlayStationDE', 'name': 'PlayStationDE', 'id': 40953865, 'id_str': '40953865', 'indices': [174, 188]}, {'screen_name': 'AmazonNewsDE', 'name': 'Amazon News DE', 'id': 764082915244445697, 'id_str': '764082915244445697', 'indices': [189, 202]}, {'screen_name': 'AmazonHelp', 'name': 'Amazon Help', 'id': 85741735, 'id_str': '85741735', 'indices': [203, 214]}, {'screen_name': 'EASPORTSFIFA', 'name': 'EA SPORTS FIFA', 'id': 105297123, 'id_str': '105297123', 'indices': [215, 228]}]",,2,
85,4,Bonjour @AmazonHelp serait-ce du phishing ou pas? https://t.co/Hw7O60xVbD,"[{'screen_name': 'AmazonHelp', 'name': 'Amazon Help', 'id': 85741735, 'id_str': '85741735', 'indices': [8, 19]}]",,2,
86,1,"A book order on @amazonIN placed on Sep 14 was supposed to be delivered by Sep 23. Now, ""estimated delivery date"" is Oct 11 to Oct 13. And @amazon hasn't told me why despite calls/chats with customer service. @AmazonHelp APPALLING. https://t.co/aGCrrxvXBg","[{'screen_name': 'amazonIN', 'name': 'Amazon.in', 'id': 1282946089, 'id_str': '1282946089', 'indices': [16, 25]}, {'screen_name': 'amazon', 'name': 'Amazon.com', 'id': 20793816, 'id_str': '20793816', 'indices': [139, 146]}, {'screen_name': 'AmazonHelp', 'name': 'Amazon Help', 'id': 85741735, 'id_str': '85741735', 'indices': [209, 220]}]",,2,
87,4,". @EAFussball Fifa 19 CE bei @AmazonHelp bestellt ‚Äûsollte‚Äú heute auch kommen aber wie immer hat es @DHLPaket verkackt!üëèüèº Extra die teure Version bestellt damit ich es 2 Tage fr√ºher bekomme, hat gut geklappt. Und Nein da kommt heute nichts mehr die Post ist durch! https://t.co/qEW4vVwCBC","[{'screen_name': 'EAFussball', 'name': 'EA SPORTS FIFA', 'id': 84277929, 'id_str': '84277929', 'indices': [2, 13]}, {'screen_name': 'AmazonHelp', 'name': 'Amazon Help', 'id': 85741735, 'id_str': '85741735', 'indices': [29, 40]}, {'screen_name': 'DHLPaket', 'name': 'DHL Paket', 'id': 42414621, 'id_str': '42414621', 'indices': [99, 108]}]",,2,
88,4,Waiting 4 &amp, 6 days for an @AmazonHelp #Prime delivery is shocking! Why do we pay a premium for a basic service?,"[{'screen_name': 'AmazonHelp', 'name': 'Amazon Help', 'id': 85741735, 'id_str': '85741735', 'indices': [30, 41]}]",,2
89,4,Salut @MyAmazon @AmazonHelp j‚Äôattend un remboursement depuis 1 semaine. Vous pouvez vous d√©p√™cher svp,"[{'screen_name': 'MyAmazon', 'name': 'MyAmazon', 'id': 2390062825, 'id_str': '2390062825', 'indices': [6, 15]}, {'screen_name': 'AmazonHelp', 'name': 'Amazon Help', 'id': 85741735, 'id_str': '85741735', 'indices': [16, 27]}]",,2,
90,1,"That‚Äôs a strange one day delivery... given it‚Äôs two days.
What‚Äôs the point of Prime then?! @AmazonHelp @AmazonUK https://t.co/ln3iBDbWbH","[{'screen_name': 'AmazonHelp', 'name': 'Amazon Help', 'id': 85741735, 'id_str': '85741735', 'indices': [91, 102]}, {'screen_name': 'AmazonUK', 'name': 'Amazon.co.uk', 'id': 209004862, 'id_str': '209004862', 'indices': [103, 112]}]",,2,
91,4,"Acabo de cancelar mi cuenta Prime @AmazonESP y si alguna vez @AmazonHelp se digna contestar a mi incidencia, probablemente cancele mi cuenta Amazon para siempre. No merece la pena","[{'screen_name': 'AmazonESP', 'name': 'Amazon.es', 'id': 348339816, 'id_str': '348339816', 'indices': [34, 44]}, {'screen_name': 'AmazonHelp', 'name': 'Amazon Help', 'id': 85741735, 'id_str': '85741735', 'indices': [61, 72]}]",,2,
92,1,"I received a call from 09874861357. The caller claimed that she was from @amazonIN and that I'd won a prize. She knew my number, my name from my billing address, and the name from my shipping address. @AmazonHelp please confirm or deny that this number is legit.","[{'screen_name': 'amazonIN', 'name': 'Amazon.in', 'id': 1282946089, 'id_str': '1282946089', 'indices': [73, 82]}, {'screen_name': 'AmazonHelp', 'name': 'Amazon Help', 'id': 85741735, 'id_str': '85741735', 'indices': [201, 212]}]",,2,
93,4,Ne yapalƒ±m @amazon adƒ±na g√ºvendik. √úlkeye bu kadar √ßabuk intibak edeceklerini hesaplamadƒ±k. Ama dersimizi aldƒ±k elbette... Yazdƒ±k bir kenara... Thanks for your service in Turkey Mr. @JeffBezos üëéüëéüëé @AmazonHelp https://t.co/WdwEVIOJ5w,"[{'screen_name': 'amazon', 'name': 'Amazon.com', 'id': 20793816, 'id_str': '20793816', 'indices': [11, 18]}, {'screen_name': 'JeffBezos', 'name': 'Jeff Bezos', 'id': 15506669, 'id_str': '15506669', 'indices': [182, 192]}, {'screen_name': 'AmazonHelp', 'name': 'Amazon Help', 'id': 85741735, 'id_str': '85741735', 'indices': [197, 208]}]",,2,
94,1,"My amazon order
Showing delivered where as delivery nt done. Payment is done by me. Please help. Contact on 9619720191 @help_delhivery @AmazonHelp","[{'screen_name': 'help_delhivery', 'name': 'helpdesk_delhivery', 'id': 1667354024, 'id_str': '1667354024', 'indices': [119, 134]}, {'screen_name': 'AmazonHelp', 'name': 'Amazon Help', 'id': 85741735, 'id_str': '85741735', 'indices': [135, 146]}]",,2,
95,1,"Careful dear buyers! @amazonIN not publishing the review for useless product sent by seller. Pls check the recvd products immediate. Money wasted coz opened it after return period, though dey sent wrong product and wasted my money. @AmazonNews_IN @AmazonINoffers @AmazonHelp","[{'screen_name': 'amazonIN', 'name': 'Amazon.in', 'id': 1282946089, 'id_str': '1282946089', 'indices': [21, 30]}, {'screen_name': 'AmazonNews_IN', 'name': 'Amazon India News', 'id': 801357617935302658, 'id_str': '801357617935302658', 'indices': [232, 246]}, {'screen_name': 'AmazonINoffers', 'name': 'Amazon India Offers', 'id': 3000737414, 'id_str': '3000737414', 'indices': [247, 262]}, {'screen_name': 'AmazonHelp', 'name': 'Amazon Help', 'id': 85741735, 'id_str': '85741735', 'indices': [263, 274]}]",,2,
96,4,"Sevgili @AmazonHelp ben m√º≈üteri ili≈ükileri ile ileti≈üime ge√ßmeyeceƒüim, m√º≈üteri ili≈ükileriniz benimle ileti≈üime ge√ßecek. Do you understand Mr @JeffBezos ? https://t.co/q73aOM6RCP","[{'screen_name': 'AmazonHelp', 'name': 'Amazon Help', 'id': 85741735, 'id_str': '85741735', 'indices': [8, 19]}, {'screen_name': 'JeffBezos', 'name': 'Jeff Bezos', 'id': 15506669, 'id_str': '15506669', 'indices': [141, 151]}]",,2,
97,4,En parlant d' #Amazon je n'ai toujours pas re√ßu mon colis indiqu√© comme livr√© sur le site. Inqui√©tant. @AmazonHelp,"[{'screen_name': 'AmazonHelp', 'name': 'Amazon Help', 'id': 85741735, 'id_str': '85741735', 'indices': [103, 114]}]",,2,
98,1,First you delivered used item to me when I complained you said you will deliver new item now its been 25 days you are still figuring out new item making fool ?? @AmazonHelp @amazonIN,"[{'screen_name': 'AmazonHelp', 'name': 'Amazon Help', 'id': 85741735, 'id_str': '85741735', 'indices': [161, 172]}, {'screen_name': 'amazonIN', 'name': 'Amazon.in', 'id': 1282946089, 'id_str': '1282946089', 'indices': [173, 182]}]",,2,
99,1,"Hey @AmazonHelp, I ordered something as a birthday gift for someone. Weird part is, the item is stuck in Delhi since September 22nd. https://t.co/SLdQLNWcrT","[{'screen_name': 'AmazonHelp', 'name': 'Amazon Help', 'id': 85741735, 'id_str': '85741735', 'indices': [4, 15]}]",,2,
100,4,Got #Kashi  today... Thanx @AmazonHelp but did not get the signed one @Vineet_Bajpai https://t.co/4SzyD87NCW,"[{'screen_name': 'AmazonHelp', 'name': 'Amazon Help', 'id': 85741735, 'id_str': '85741735', 'indices': [27, 38]}, {'screen_name': 'Vineet_Bajpai', 'name': 'Vineet Bajpai', 'id': 136908137, 'id_str': '136908137', 'indices': [70, 84]}]",,2,
101,4,"Bonjour @AmazonHelp c'est la 2√®me fois que mes colis sont livr√©s chez mes voisins. La 1√®re fois ma voisine a eu la gentillesse de me le donner en main propre mais cette fois-ci je n'ai pas pu r√©cup√©rer mon colis alors qu'il a ""√©t√© livr√©"" vendredi.","[{'screen_name': 'AmazonHelp', 'name': 'Amazon Help', 'id': 85741735, 'id_str': '85741735', 'indices': [8, 19]}]",,2,
102,4,"Doen
#Quiztimemorningswithamazon
@amazonIN @AmazonHelp https://t.co/ezEIVUQ4QN","[{'screen_name': 'amazonIN', 'name': 'Amazon.in', 'id': 1282946089, 'id_str': '1282946089', 'indices': [33, 42]}, {'screen_name': 'AmazonHelp', 'name': 'Amazon Help', 'id': 85741735, 'id_str': '85741735', 'indices': [43, 54]}]",,2,
103,4,"Verdiginiz linklerin tamami amazon anasayfasina atiyor, ekran goruntusu falan gondersenize @AmazonHelp https://t.co/svHzmh3xl1","[{'screen_name': 'AmazonHelp', 'name': 'Amazon Help', 'id': 85741735, 'id_str': '85741735', 'indices': [91, 102]}]",,2,
104,2,Today received my amazon parcel with Gift Card..  Thank you so much for the Gift Card @amazon @AmazonHelp @amazon https://t.co/qoVIZXOZpv,"[{'screen_name': 'amazon', 'name': 'Amazon.com', 'id': 20793816, 'id_str': '20793816', 'indices': [86, 93]}, {'screen_name': 'AmazonHelp', 'name': 'Amazon Help', 'id': 85741735, 'id_str': '85741735', 'indices': [94, 105]}, {'screen_name': 'amazon', 'name': 'Amazon.com', 'id': 20793816, 'id_str': '20793816', 'indices': [106, 113]}]",,2,
105,4,"#QuizTimeMorningsWithAmazon
Morning dares done...
@amazonIN @AmazonHelp https://t.co/lvDtEsrmLi","[{'screen_name': 'amazonIN', 'name': 'Amazon.in', 'id': 1282946089, 'id_str': '1282946089', 'indices': [50, 59]}, {'screen_name': 'AmazonHelp', 'name': 'Amazon Help', 'id': 85741735, 'id_str': '85741735', 'indices': [60, 71]}]",,2,
106,1,"Still i am in waitlist, when i can get amazon pay emi. Please don‚Äôt copy that this is rollover for some user etc etc, seriously tell me when can i get it please @amazonpay @amazonIN @AmazonHelp","[{'screen_name': 'amazonpay', 'name': 'Amazon Pay', 'id': 17445595, 'id_str': '17445595', 'indices': [161, 171]}, {'screen_name': 'amazonIN', 'name': 'Amazon.in', 'id': 1282946089, 'id_str': '1282946089', 'indices': [172, 181]}, {'screen_name': 'AmazonHelp', 'name': 'Amazon Help', 'id': 85741735, 'id_str': '85741735', 'indices': [182, 193]}]",,2,
107,1,"Got a fraudulent call. They had my amazon shopping details and card number saved on the website as well. 
Not sure how much safe it is to #Save details on @amazonIN @amazon @AmazonHelp website. 
What should I do @JeffBezos ? Scared to trust @amazonIN","[{'screen_name': 'amazonIN', 'name': 'Amazon.in', 'id': 1282946089, 'id_str': '1282946089', 'indices': [155, 164]}, {'screen_name': 'amazon', 'name': 'Amazon.com', 'id': 20793816, 'id_str': '20793816', 'indices': [165, 172]}, {'screen_name': 'AmazonHelp', 'name': 'Amazon Help', 'id': 85741735, 'id_str': '85741735', 'indices': [173, 184]}, {'screen_name': 'JeffBezos', 'name': 'Jeff Bezos', 'id': 15506669, 'id_str': '15506669', 'indices': [212, 222]}, {'screen_name': 'amazonIN', 'name': 'Amazon.in', 'id': 1282946089, 'id_str': '1282946089', 'indices': [241, 250]}]",,2,
108,2,hey @AmazonHelp https://t.co/Ar8LGHmPpA,"[{'screen_name': 'AmazonHelp', 'name': 'Amazon Help', 'id': 85741735, 'id_str': '85741735', 'indices': [4, 15]}]",,2,
109,4,"Answered All The Questions
@amazonIN 
@amazon 
@AmazonHelp 
#QuizTimeMorningsWithAmazon https://t.co/LcbHlInI15","[{'screen_name': 'amazonIN', 'name': 'Amazon.in', 'id': 1282946089, 'id_str': '1282946089', 'indices': [27, 36]}, {'screen_name': 'amazon', 'name': 'Amazon.com', 'id': 20793816, 'id_str': '20793816', 'indices': [38, 45]}, {'screen_name': 'AmazonHelp', 'name': 'Amazon Help', 'id': 85741735, 'id_str': '85741735', 'indices': [47, 58]}]",,2,
110,1,So I just had the most horrific experience with .@AmazonHelp in regards to a rude lying 3rd party vendor and me not getting my order or a refund!! With their overseas support actually saying nothing amazon can do. And never getting a manager,"[{'screen_name': 'AmazonHelp', 'name': 'Amazon Help', 'id': 85741735, 'id_str': '85741735', 'indices': [49, 60]}]",,2,
111,1,25 to 55 cents?!?! @amazon @AmazonHelp That should really help your employees... https://t.co/19oIEu76gy,"[{'screen_name': 'amazon', 'name': 'Amazon.com', 'id': 20793816, 'id_str': '20793816', 'indices': [19, 26]}, {'screen_name': 'AmazonHelp', 'name': 'Amazon Help', 'id': 85741735, 'id_str': '85741735', 'indices': [27, 38]}]",,2,
112,2,"How long until a game code order goes past the ""pending verification"" stage? @AmazonHelp Usually it is always instant but i'm stuck on this stage.","[{'screen_name': 'AmazonHelp', 'name': 'Amazon Help', 'id': 85741735, 'id_str': '85741735', 'indices': [77, 88]}]",,2,
113,1,"üö®üö®Once again, ALWAYS OUT OF STOCK: Saucony men‚Äôs shoe selections. Please address &amp; update accordingly.üö®üö® @AmazonHelp @amazon","[{'screen_name': 'AmazonHelp', 'name': 'Amazon Help', 'id': 85741735, 'id_str': '85741735', 'indices': [109, 120]}, {'screen_name': 'amazon', 'name': 'Amazon.com', 'id': 20793816, 'id_str': '20793816', 'indices': [121, 128]}]",,2,
114,1,I literally have NEVER had a positive experience ordering from @amazon @AmazonHelp,"[{'screen_name': 'amazon', 'name': 'Amazon.com', 'id': 20793816, 'id_str': '20793816', 'indices': [63, 70]}, {'screen_name': 'AmazonHelp', 'name': 'Amazon Help', 'id': 85741735, 'id_str': '85741735', 'indices': [71, 82]}]",,2,
115,1,"Thanks to @AmazonHelp @amazon @JeffBezos I had to go and purchase my items elsewhere, because customer service can't call the drivers or go out to warehouse parking lots and tell them there are more packages that weren't delivered. https://t.co/diqStQryiP","[{'screen_name': 'AmazonHelp', 'name': 'Amazon Help', 'id': 85741735, 'id_str': '85741735', 'indices': [10, 21]}, {'screen_name': 'amazon', 'name': 'Amazon.com', 'id': 20793816, 'id_str': '20793816', 'indices': [22, 29]}, {'screen_name': 'JeffBezos', 'name': 'Jeff Bezos', 'id': 15506669, 'id_str': '15506669', 'indices': [30, 40]}]",,2,
116,1,Hey @AmazonHelp - your delivery hours are 8-8. I just had a package delivered at 8:45 while putting my kids to sleep. Not cool.,"[{'screen_name': 'AmazonHelp', 'name': 'Amazon Help', 'id': 85741735, 'id_str': '85741735', 'indices': [4, 15]}]",,2,
117,1,"1 week to ship an iPhone case (Prime item)? What gives? All prime items are suggesting approx 1 week! These used to be 2-day, but lately we‚Äôre pushing 3-5 days or longer. Why am I even paying for this service? @AmazonHelp @MyAmazon @amazon @PrimeVideo https://t.co/X8nW2YSxT5","[{'screen_name': 'AmazonHelp', 'name': 'Amazon Help', 'id': 85741735, 'id_str': '85741735', 'indices': [210, 221]}, {'screen_name': 'MyAmazon', 'name': 'MyAmazon', 'id': 2390062825, 'id_str': '2390062825', 'indices': [222, 231]}, {'screen_name': 'amazon', 'name': 'Amazon.com', 'id': 20793816, 'id_str': '20793816', 'indices': [232, 239]}, {'screen_name': 'PrimeVideo', 'name': 'Amazon Prime Video', 'id': 17220817, 'id_str': '17220817', 'indices': [240, 251]}]",,2,
118,1,Hey @sonycanada why can't I access the Alexa skill for my Bravia in Canada???  @amazonecho @amazonca @AmazonHelp,"[{'screen_name': 'sonycanada', 'name': 'Sony Canada', 'id': 19036058, 'id_str': '19036058', 'indices': [4, 15]}, {'screen_name': 'amazonecho', 'name': 'Amazon Echo', 'id': 2905440476, 'id_str': '2905440476', 'indices': [79, 90]}, {'screen_name': 'amazonca', 'name': 'Amazon.ca', 'id': 3298340918, 'id_str': '3298340918', 'indices': [91, 100]}, {'screen_name': 'AmazonHelp', 'name': 'Amazon Help', 'id': 85741735, 'id_str': '85741735', 'indices': [101, 112]}]",,2,
119,1,Has anyone else been experiencing pretty frequent shipping delays with @amazon orders? Doesn't seem fair given I pay a monthly fee for two-day Prime shipping. @AmazonHelp #AmazonPrime,"[{'screen_name': 'amazon', 'name': 'Amazon.com', 'id': 20793816, 'id_str': '20793816', 'indices': [71, 78]}, {'screen_name': 'AmazonHelp', 'name': 'Amazon Help', 'id': 85741735, 'id_str': '85741735', 'indices': [159, 170]}]",,2,
120,1,"Kudos to @AmazonHelp for trying to do their best, but if AMZL US is going to claim ‚ÄúDelivery Attempted,‚Äù they should at least climb the stairs to my apt and leave a notice, even if they don‚Äôt bother to knock. My guess is the driver couldn‚Äôt be bothered. #fail","[{'screen_name': 'AmazonHelp', 'name': 'Amazon Help', 'id': 85741735, 'id_str': '85741735', 'indices': [9, 20]}]",,2,
121,1,So @amazon have taken ¬£1 out of my account for no reason I haven‚Äôt mad a purchase from them within a month @AmazonHelp can u help me with this,"[{'screen_name': 'amazon', 'name': 'Amazon.com', 'id': 20793816, 'id_str': '20793816', 'indices': [3, 10]}, {'screen_name': 'AmazonHelp', 'name': 'Amazon Help', 'id': 85741735, 'id_str': '85741735', 'indices': [107, 118]}]",,2,
122,2,.@AmazonHelp did @amazon remove the iOS share feature to share websites other than Amazon to a wish list?,"[{'screen_name': 'AmazonHelp', 'name': 'Amazon Help', 'id': 85741735, 'id_str': '85741735', 'indices': [1, 12]}, {'screen_name': 'amazon', 'name': 'Amazon.com', 'id': 20793816, 'id_str': '20793816', 'indices': [17, 24]}]",,2,
123,1,"Hi @amazonca @AmazonHelp, is packaging optional now? Thank God I didn‚Äôt order a sextoy... #didntgetthememo https://t.co/4Quih1ASHK","[{'screen_name': 'amazonca', 'name': 'Amazon.ca', 'id': 3298340918, 'id_str': '3298340918', 'indices': [3, 12]}, {'screen_name': 'AmazonHelp', 'name': 'Amazon Help', 'id': 85741735, 'id_str': '85741735', 'indices': [13, 24]}]",,2,
124,1,"Hi, @AmazonHelp.

I bought the Signa Spray (for health reasons) in the 1st picture -- only to receive it completely damaged &amp; leaking in the 2nd picture.

I don't want to send it back, as the packaging is completely disgusting -- but I want a replacement. Any ideas? https://t.co/YK8y6DIi4M","[{'screen_name': 'AmazonHelp', 'name': 'Amazon Help', 'id': 85741735, 'id_str': '85741735', 'indices': [4, 15]}]",,2,
125,1,"Yeesh. Spent time on live chat with @AmazonHelp. They basically told me I was SOL about my preorder getting canceled, and when escalated to a supervisor, he treated me like a moron. ""See? The product is out of stock! That's why it's canceled.""","[{'screen_name': 'AmazonHelp', 'name': 'Amazon Help', 'id': 85741735, 'id_str': '85741735', 'indices': [36, 47]}]",,2,
126,1,Still ¬£39.03 in üá¨üáß come on @AmazonHelp ! https://t.co/xJoCv2Dq6x,"[{'screen_name': 'AmazonHelp', 'name': 'Amazon Help', 'id': 85741735, 'id_str': '85741735', 'indices': [27, 38]}]",,2,
127,1,Second @AmazonUK delivery within a matter of weeks that‚Äôs has failed to be delivered next day! Come on @AmazonUK @AmazonHelp sort it out !!,"[{'screen_name': 'AmazonUK', 'name': 'Amazon.co.uk', 'id': 209004862, 'id_str': '209004862', 'indices': [7, 16]}, {'screen_name': 'AmazonUK', 'name': 'Amazon.co.uk', 'id': 209004862, 'id_str': '209004862', 'indices': [103, 112]}, {'screen_name': 'AmazonHelp', 'name': 'Amazon Help', 'id': 85741735, 'id_str': '85741735', 'indices': [113, 124]}]",,2,
128,1,Hi @AmazonHelp a few days ago I bought a  @Magma_Products case for my marine kettle grill. The case is less than 20 days and it is already broken. Do I get warranty with amazon or the manufacturer? https://t.co/q51j9TY8sQ,"[{'screen_name': 'AmazonHelp', 'name': 'Amazon Help', 'id': 85741735, 'id_str': '85741735', 'indices': [3, 14]}, {'screen_name': 'Magma_Products', 'name': 'Magma Products, Inc.', 'id': 2329299349, 'id_str': '2329299349', 'indices': [42, 57]}]",,2,
129,1,I keep trying to reload my balance but my prepaid mastercards keep declining because ‚Äúbank information‚Äù doesn‚Äôt match...but there is no bank info... it‚Äôs a prepaid card #frustrated #ugh @amazon @AmazonHelp,"[{'screen_name': 'amazon', 'name': 'Amazon.com', 'id': 20793816, 'id_str': '20793816', 'indices': [186, 193]}, {'screen_name': 'AmazonHelp', 'name': 'Amazon Help', 'id': 85741735, 'id_str': '85741735', 'indices': [194, 205]}]",,2,
130,2,"Hi @AmazonHelp I'm trying to find Amazon Order History Reports on my https://t.co/NJ9aSKfmLo account, but neither navigating the menus or following the direct link from your help pages gets me to the page I need. Can you help please?","[{'screen_name': 'AmazonHelp', 'name': 'Amazon Help', 'id': 85741735, 'id_str': '85741735', 'indices': [3, 14]}]",,2,
131,1,"Geez, @AmazonHelp, this is really getting annoying, though it is saving me money.
Version 69.0.3497.92 (Developer Build) built on Debian 9.5, running on Debian 9.5 (64-bit) https://t.co/xhD1XrCFOF","[{'screen_name': 'AmazonHelp', 'name': 'Amazon Help', 'id': 85741735, 'id_str': '85741735', 'indices': [6, 17]}]",,2,
132,1,Hey @amazon @AmazonHelp I've been burned by counterfeiters twice now. Maybe warn people a vendor is in a country where it costs as much to return the item as it does to buy it in the first place... Bad enough it says 3 to 5 shipping days and then takes a slow boat... https://t.co/3n9AE5V2kW,"[{'screen_name': 'amazon', 'name': 'Amazon.com', 'id': 20793816, 'id_str': '20793816', 'indices': [4, 11]}, {'screen_name': 'AmazonHelp', 'name': 'Amazon Help', 'id': 85741735, 'id_str': '85741735', 'indices': [12, 23]}]",,2,
133,1,"It‚Äôs crazy that a random person can charge an @Amazon Prime membership to my cc, but Amazon won‚Äôt give me a name due to ‚Äúprivacy.‚Äù  Cx‚Äôd the card. Refunded.  But I want a NAME. CC: @AmazonHelp","[{'screen_name': 'amazon', 'name': 'Amazon.com', 'id': 20793816, 'id_str': '20793816', 'indices': [46, 53]}, {'screen_name': 'AmazonHelp', 'name': 'Amazon Help', 'id': 85741735, 'id_str': '85741735', 'indices': [181, 192]}]",,2,
134,1,I had been reaching out to #Amazon @AmazonHelp team for about a mth regarding a recommendation to the site. There isn't a formal way/person to handle what my aim is. Someone suggested emailing Jeff Bezos. I thought it be worth a shot but wasnt actually expecting a response üôåüèæ https://t.co/Vv0roYVzvQ,"[{'screen_name': 'AmazonHelp', 'name': 'Amazon Help', 'id': 85741735, 'id_str': '85741735', 'indices': [35, 46]}]",,2,
135,1,I‚Äôve pre ordered Fifa 19 and my download code is pending verification. If I don‚Äôt get the code by tomorrow what was the point in me paying to get early access to the game? @MyAmazon @AmazonHelp @amazon @EASPORTSFIFA,"[{'screen_name': 'MyAmazon', 'name': 'MyAmazon', 'id': 2390062825, 'id_str': '2390062825', 'indices': [172, 181]}, {'screen_name': 'AmazonHelp', 'name': 'Amazon Help', 'id': 85741735, 'id_str': '85741735', 'indices': [182, 193]}, {'screen_name': 'amazon', 'name': 'Amazon.com', 'id': 20793816, 'id_str': '20793816', 'indices': [194, 201]}, {'screen_name': 'EASPORTSFIFA', 'name': 'EA SPORTS FIFA', 'id': 105297123, 'id_str': '105297123', 'indices': [202, 215]}]",,2,
136,1,WHAT HAPPENED TO MY PACKAGE??? WHY IS IT LEAKING ?!!@amazon @AmazonHelp https://t.co/DDITb0UeNQ,"[{'screen_name': 'AmazonHelp', 'name': 'Amazon Help', 'id': 85741735, 'id_str': '85741735', 'indices': [60, 71]}]",,2,
137,1,"Nice. @AmazonHelp leaves a package outside of the delivery address on the sidewalk and it was surprisingly not there!
WTF kind of delivery is this? https://t.co/qalGkKD2Xh","[{'screen_name': 'AmazonHelp', 'name': 'Amazon Help', 'id': 85741735, 'id_str': '85741735', 'indices': [6, 17]}]",,2,
138,4,Bon @AmazonHelp je croyais que c‚Äô√©tait vous qui remboursiez quand y avait un soucis ?! Je vais quand m√™me pas m‚Äôasseoir sur 132‚Ç¨ ?! üò≠üò≠üò≠,"[{'screen_name': 'AmazonHelp', 'name': 'Amazon Help', 'id': 85741735, 'id_str': '85741735', 'indices': [4, 15]}]",,2,
139,4,"Take a rest @amazonIN You tired bruh!

@AmazonHelp @AmazonUSA_ @amazon @Sony #cahsback https://t.co/deonYobwIn","[{'screen_name': 'amazonIN', 'name': 'Amazon.in', 'id': 1282946089, 'id_str': '1282946089', 'indices': [12, 21]}, {'screen_name': 'AmazonHelp', 'name': 'Amazon Help', 'id': 85741735, 'id_str': '85741735', 'indices': [39, 50]}, {'screen_name': 'AmazonUSA_', 'name': 'Amazon USA üîµ', 'id': 791994106436288512, 'id_str': '791994106436288512', 'indices': [51, 62]}, {'screen_name': 'amazon', 'name': 'Amazon.com', 'id': 20793816, 'id_str': '20793816', 'indices': [63, 70]}, {'screen_name': 'Sony', 'name': 'Sony', 'id': 34442404, 'id_str': '34442404', 'indices': [71, 76]}]",,2,
140,1,"Another PRIME ex of how @amazon can‚Äôt monitor delivery drivers. Prob 6 incorrectly del‚Äôd (photo) or never del‚Äôd to our addy (my order last wk) since June. Why @AmazonHelp? Guess Jordyn shld be happy for pkg I‚Äôm del‚Äôg 3 blks away. Does Thomas St. = Belmont Ave.? Me thinks, NO!!! https://t.co/RvlVRmklIe","[{'screen_name': 'amazon', 'name': 'Amazon.com', 'id': 20793816, 'id_str': '20793816', 'indices': [24, 31]}, {'screen_name': 'AmazonHelp', 'name': 'Amazon Help', 'id': 85741735, 'id_str': '85741735', 'indices': [159, 170]}]",,2,
141,4,"Scheinbar verkackt jetzt @AmazonHelp auch noch die SameDay/EveningExpress an die Privatadresse. Sch√∂n langsam frag ich mich schon, f√ºr was ich da bei Prime bezahle‚Ä¶","[{'screen_name': 'AmazonHelp', 'name': 'Amazon Help', 'id': 85741735, 'id_str': '85741735', 'indices': [25, 36]}]",,2,
142,4,Evet birazdan g√∂nderdiƒüiniz gibi gece 12yi ge√ßmeden gelecek sanƒ±rƒ±m dronela daƒüƒ±tƒ±ma ba≈ülamƒ±≈üsƒ±nƒ±z @AmazonHelp https://t.co/LVcZ2qHBl4,"[{'screen_name': 'AmazonHelp', 'name': 'Amazon Help', 'id': 85741735, 'id_str': '85741735', 'indices': [99, 110]}]",,2,
143,4,"Y pa cuando mi paquete amigos @amazonmex  @AmazonHelp y mi beneficio de la entrega Prime, por la flojera de su repartidor... No tengo mi paquete.","[{'screen_name': 'amazonmex', 'name': 'Amazon M√©xico', 'id': 2910407244, 'id_str': '2910407244', 'indices': [30, 40]}, {'screen_name': 'AmazonHelp', 'name': 'Amazon Help', 'id': 85741735, 'id_str': '85741735', 'indices': [42, 53]}]",,2,
144,1,When your fire stick keeps restarting itself üëå@AmazonHelp,"[{'screen_name': 'AmazonHelp', 'name': 'Amazon Help', 'id': 85741735, 'id_str': '85741735', 'indices': [46, 57]}]",,2,
145,1,"Nice try, spammer‚ÄîNOT!

CC: @AmazonHelp https://t.co/uqYVwFPd06","[{'screen_name': 'AmazonHelp', 'name': 'Amazon Help', 'id': 85741735, 'id_str': '85741735', 'indices': [28, 39]}]",,2,
146,4,Bon @AmazonHelp apr√®s toutes nos m√©saventures je me doutais qu'on sarreterai pas la ! Ups √† bien d√©pos√© la chaise chez vous mais quand je t√©l√©phone chez vous on me dit que le colis est la maissss quil est pas dans l'entrep√¥t ? Je fais quoi avec vous moi ? Tribunal ?,"[{'screen_name': 'AmazonHelp', 'name': 'Amazon Help', 'id': 85741735, 'id_str': '85741735', 'indices': [4, 15]}]",,2,
147,4,"No, @goodreads. HELL NO! Have some decency. @amazon @AmazonHelp https://t.co/4l2io3f9Jl","[{'screen_name': 'goodreads', 'name': 'goodreads', 'id': 15898172, 'id_str': '15898172', 'indices': [4, 14]}, {'screen_name': 'amazon', 'name': 'Amazon.com', 'id': 20793816, 'id_str': '20793816', 'indices': [44, 51]}, {'screen_name': 'AmazonHelp', 'name': 'Amazon Help', 'id': 85741735, 'id_str': '85741735', 'indices': [52, 63]}]",,2,
148,4,"Coucou @AmazonHelp ! Merci pour l‚Äôenveloppe üòâ mais j‚Äôavais command√© un truc qui devait, normalement, √™tre dedans ü§® https://t.co/eFbQsGPT7I","[{'screen_name': 'AmazonHelp', 'name': 'Amazon Help', 'id': 85741735, 'id_str': '85741735', 'indices': [7, 18]}]",,2,
149,4,"Bonsoir @AmazonHelp je n'ai pas re√ßu mon colis alors que sur le site il dit qu'il a √©t√© remis en main propre, je n'ai pas non plus d'avis de passage dans ma boite au lettre, normal ? https://t.co/U3FDjiriMR","[{'screen_name': 'AmazonHelp', 'name': 'Amazon Help', 'id': 85741735, 'id_str': '85741735', 'indices': [8, 19]}]",,2,
150,3,Thank you to the lovely man from @amazondepo @amazon @AmazonHelp near Manchester Airport who stopped to help me change my flat tyre while I was with my kids. Hope this tweet gets to you as a thank you!! @sharris1972 #RandomActsOfKindness #ItsNiceToBeNice ‚ù§Ô∏è üòä https://t.co/LS5BsOFZbT,"[{'screen_name': 'amazondepo', 'name': 'amazondepo', 'id': 962314763073212421, 'id_str': '962314763073212421', 'indices': [33, 44]}, {'screen_name': 'amazon', 'name': 'Amazon.com', 'id': 20793816, 'id_str': '20793816', 'indices': [45, 52]}, {'screen_name': 'AmazonHelp', 'name': 'Amazon Help', 'id': 85741735, 'id_str': '85741735', 'indices': [53, 64]}, {'screen_name': 'sharris1972', 'name': '#hellomynameisSara', 'id': 223989500, 'id_str': '223989500', 'indices': [203, 215]}]",,2,
151,1,6 day later and @YodelOnline have finally delivered my parcel. Amazon Prime is a joke when it‚Äôs delivered by Yodel! @AmazonHelp,"[{'screen_name': 'YodelOnline', 'name': 'Yodel', 'id': 532135503, 'id_str': '532135503', 'indices': [16, 28]}, {'screen_name': 'AmazonHelp', 'name': 'Amazon Help', 'id': 85741735, 'id_str': '85741735', 'indices': [116, 127]}]",,2,
152,4,"Einen Lieferzeitraum von 10 Stunden halte ich nicht f√ºr sinnvoll. Warum kann man keinen Zeitrahmen nennen, so wie @DHLPaket das macht? 
Jetzt sitze ich hier seit 11 Uhr und muss bis 21 Uhr ausharren. Das ist  verbesserungsw√ºrdig!
#AmazonLogistics @AmazonHelp","[{'screen_name': 'DHLPaket', 'name': 'DHL Paket', 'id': 42414621, 'id_str': '42414621', 'indices': [114, 123]}, {'screen_name': 'AmazonHelp', 'name': 'Amazon Help', 'id': 85741735, 'id_str': '85741735', 'indices': [247, 258]}]",,2,
153,1,"Hello Amazon,
@amazonIN
 
@AmazonHelp
 , 
@oneplus
 
@OnePlus_IN
 , 
@OnePlus_Support
 
As per ur offer on Oneplus6 in May, it was clearly mentioned that if 2 referrals out of 3 are used, then we get bullet headphones for free.

This promise isnt yet fulfilled.","[{'screen_name': 'amazonIN', 'name': 'Amazon.in', 'id': 1282946089, 'id_str': '1282946089', 'indices': [14, 23]}, {'screen_name': 'AmazonHelp', 'name': 'Amazon Help', 'id': 85741735, 'id_str': '85741735', 'indices': [26, 37]}, {'screen_name': 'oneplus', 'name': 'OnePlus', 'id': 2196922086, 'id_str': '2196922086', 'indices': [42, 50]}, {'screen_name': 'OnePlus_IN', 'name': 'OnePlus India', 'id': 3138727082, 'id_str': '3138727082', 'indices': [53, 64]}, {'screen_name': 'OnePlus_Support', 'name': 'OnePlus Support', 'id': 3124020169, 'id_str': '3124020169', 'indices': [69, 85]}]",,2,
154,1,Still waiting @AmazonUK @AmazonHelp for someone to ring me about someone using MY card for amazon prime.  Would like to sort this ASAP as its making me physically ill knowing someone used my card &amp, Amazon are protecting them more then ME.,"[{'screen_name': 'AmazonUK', 'name': 'Amazon.co.uk', 'id': 209004862, 'id_str': '209004862', 'indices': [14, 23]}, {'screen_name': 'AmazonHelp', 'name': 'Amazon Help', 'id': 85741735, 'id_str': '85741735', 'indices': [24, 35]}]",,2
155,1,"dear @AmazonHelp apparently my package was delivered yesterday, but it wasn't. my husband and i were home all day and no one ever rang our doorbell. when i saw the update, i went to get it and it wasn't there. please advise.","[{'screen_name': 'AmazonHelp', 'name': 'Amazon Help', 'id': 85741735, 'id_str': '85741735', 'indices': [5, 16]}]",,2,
156,1,is the .co.uk website down? My browser cannot connect. @AmazonHelp,"[{'screen_name': 'AmazonHelp', 'name': 'Amazon Help', 'id': 85741735, 'id_str': '85741735', 'indices': [55, 66]}]",,2,
157,1,Not sure how leaving my parcel in my front garden with no shelter can be classed as a 'safe place' - especially since I have a safe place on my account as well. Top idea in British weather too... @AmazonHelp,"[{'screen_name': 'AmazonHelp', 'name': 'Amazon Help', 'id': 85741735, 'id_str': '85741735', 'indices': [196, 207]}]",,2,
158,4,"Bonjour @AmazonHelp , j‚Äôai besoin de votre aide ! On passe en DM ...","[{'screen_name': 'AmazonHelp', 'name': 'Amazon Help', 'id': 85741735, 'id_str': '85741735', 'indices': [8, 19]}]",,2,
159,4,Changez rien @AmazonHelp vous √™tes parfaits. https://t.co/Ru0Tbj9FVi,"[{'screen_name': 'AmazonHelp', 'name': 'Amazon Help', 'id': 85741735, 'id_str': '85741735', 'indices': [13, 24]}]",,2,
160,1,"I'm still waiting for @AmazonUK , yet another deadline missed, the team dealing with the complaint keeps changing now the #Communities Team and guess what? Another delay of up to 5 days before this matter is addressed. That will be 12 days- unbelievable! @AmazonHelp https://t.co/hC6T5Xmav0","[{'screen_name': 'AmazonUK', 'name': 'Amazon.co.uk', 'id': 209004862, 'id_str': '209004862', 'indices': [22, 31]}, {'screen_name': 'AmazonHelp', 'name': 'Amazon Help', 'id': 85741735, 'id_str': '85741735', 'indices': [255, 266]}]",,2,
161,1,"Well Guwahati Amazon Transportation service is on a mission to return every product anyone order without even attempting delivery. 
Had a problem once with Flipkart regarding delivery but got A1 support from @flipkartsupport üëå
 @AmazonHelp OTOH asked me to change my home lol!üòÇ","[{'screen_name': 'flipkartsupport', 'name': 'flipkartsupport', 'id': 951522626, 'id_str': '951522626', 'indices': [208, 224]}, {'screen_name': 'AmazonHelp', 'name': 'Amazon Help', 'id': 85741735, 'id_str': '85741735', 'indices': [228, 239]}]",,2,
162,4,Ka√ß yƒ±ldƒ±r T√ºrkiye pazarƒ± i√ßin hazƒ±rlƒ±k yapƒ±yorsun #amazonturkiye i≈üini yapamayan #MNGkargo yu mu se√ßtin. Pazartesi teslim √ºr√ºn√ºm√º yoƒüunluktan ≈üubeye gelin alƒ±n diyorlar. https://t.co/eA0xAPdVA9'a devam seneye d√º≈ü√ºn√ºr√ºz. @awscloud @AmazonHelp @amazon @amazonturkish,"[{'screen_name': 'awscloud', 'name': 'Amazon Web Services', 'id': 66780587, 'id_str': '66780587', 'indices': [221, 230]}, {'screen_name': 'AmazonHelp', 'name': 'Amazon Help', 'id': 85741735, 'id_str': '85741735', 'indices': [231, 242]}, {'screen_name': 'amazon', 'name': 'Amazon.com', 'id': 20793816, 'id_str': '20793816', 'indices': [243, 250]}, {'screen_name': 'amazonturkish', 'name': 'Amazon T√ºrkiye', 'id': 2274890671, 'id_str': '2274890671', 'indices': [251, 265]}]",,2,
163,1,"Tried explaining to the woman on amazon chat that the grumpy delivery driver wouldn‚Äôt take the half put together storage shed away for a return, she insured me he would!! He turns up today and funny that he said he cannot take it away because it‚Äôs half put togetherüò°@AmazonHelp","[{'screen_name': 'AmazonHelp', 'name': 'Amazon Help', 'id': 85741735, 'id_str': '85741735', 'indices': [266, 277]}]",,2,
164,1,"What the hell is wrong with @AmazonUK tracking on the app? What is the point in telling me it's 7 stops away if that time isn't quantifiable? Sometimes that means within the next 30 mins OR anytime within the next 5 hours, utterly useless information @AmazonHelp","[{'screen_name': 'AmazonUK', 'name': 'Amazon.co.uk', 'id': 209004862, 'id_str': '209004862', 'indices': [28, 37]}, {'screen_name': 'AmazonHelp', 'name': 'Amazon Help', 'id': 85741735, 'id_str': '85741735', 'indices': [251, 262]}]",,2,
165,3,Thanks @JeffBezos @AmazonHelp!!Xavier and Xander love the art supplies!! Where can they send some works of art? We would love to send some to you! https://t.co/oyQDCcfLL1,"[{'screen_name': 'JeffBezos', 'name': 'Jeff Bezos', 'id': 15506669, 'id_str': '15506669', 'indices': [7, 17]}, {'screen_name': 'AmazonHelp', 'name': 'Amazon Help', 'id': 85741735, 'id_str': '85741735', 'indices': [18, 29]}]",,2,
166,3,Hey  @AmazonHelp @ProsaicView : Thank You for the Follows / Mentions / Likes.,"[{'screen_name': 'AmazonHelp', 'name': 'Amazon Help', 'id': 85741735, 'id_str': '85741735', 'indices': [5, 16]}, {'screen_name': 'ProsaicView', 'name': 'Prosenjit Datta', 'id': 65642947, 'id_str': '65642947', 'indices': [17, 29]}]",,2,
167,1,"Dear @AmazonUK,  how on Earth do you lose a vacuum cleaner? Did it drop behind the  couch? Fell through the seam of your pocket and into the lining? @AmazonHelp","[{'screen_name': 'AmazonUK', 'name': 'Amazon.co.uk', 'id': 209004862, 'id_str': '209004862', 'indices': [5, 14]}, {'screen_name': 'AmazonHelp', 'name': 'Amazon Help', 'id': 85741735, 'id_str': '85741735', 'indices': [149, 160]}]",,2,
168,1,Bought portable charger from @amazonIN now it is stop working . Need warranty seller rejected @AmazonHelp  what can I do now?,"[{'screen_name': 'amazonIN', 'name': 'Amazon.in', 'id': 1282946089, 'id_str': '1282946089', 'indices': [29, 38]}, {'screen_name': 'AmazonHelp', 'name': 'Amazon Help', 'id': 85741735, 'id_str': '85741735', 'indices': [94, 105]}]",,2,
169,1,:( i just want to cancel my package bc i thought the first order had cancelled and bought it again with different shipping so now i‚Äôm getting two phones when i can barely afford one @AmazonHelp please help me before i kms,"[{'screen_name': 'AmazonHelp', 'name': 'Amazon Help', 'id': 85741735, 'id_str': '85741735', 'indices': [182, 193]}]",,2,
170,3,"Good bye @amazonIN @AmazonHelp , Thank you very much for your service","[{'screen_name': 'amazonIN', 'name': 'Amazon.in', 'id': 1282946089, 'id_str': '1282946089', 'indices': [9, 18]}, {'screen_name': 'AmazonHelp', 'name': 'Amazon Help', 'id': 85741735, 'id_str': '85741735', 'indices': [19, 30]}]",,2,
171,1,"So guys at @BlueDart_ down to a new low in unprofessional behaviour, do you think customers are just fools to prepay an order to wait and read your nonsense updates like ""fake address/booking"", @AmazonHelp Why can't you'll just bring in a noteworthy change wrt to logistics?","[{'screen_name': 'BlueDart_', 'name': 'Blue Dart Official', 'id': 3724791493, 'id_str': '3724791493', 'indices': [11, 21]}, {'screen_name': 'AmazonHelp', 'name': 'Amazon Help', 'id': 85741735, 'id_str': '85741735', 'indices': [194, 205]}]",,2,
172,1,"Dear @AmazonHelp, I'm sorry @AmazonUK are having a hard time finding my ordered item. Good news, it's in stock at this really great place online - @amazon! Any chance they could get it from there for me? üôÑüòÜüôÉ
Thanks! 

https://t.co/PPziJDHc2T https://t.co/ZvttvLs60q","[{'screen_name': 'AmazonHelp', 'name': 'Amazon Help', 'id': 85741735, 'id_str': '85741735', 'indices': [5, 16]}, {'screen_name': 'AmazonUK', 'name': 'Amazon.co.uk', 'id': 209004862, 'id_str': '209004862', 'indices': [28, 37]}, {'screen_name': 'amazon', 'name': 'Amazon.com', 'id': 20793816, 'id_str': '20793816', 'indices': [147, 154]}]",,2,
173,4,6ans que je commande chez @AmazonHelp aucun souci sauf depuis mes 3 derni√®res commandes. Non livr√© ou pas la bonne quantit√©. En esp√©rant que √ßa reprenne comme avant,"[{'screen_name': 'AmazonHelp', 'name': 'Amazon Help', 'id': 85741735, 'id_str': '85741735', 'indices': [26, 37]}]",,2,
174,4,Sono cos√¨ sfigata che manco @AmazonHelp mi regala le pop funko,"[{'screen_name': 'AmazonHelp', 'name': 'Amazon Help', 'id': 85741735, 'id_str': '85741735', 'indices': [28, 39]}]",,2,
175,4,#Absentia kommt 2019 zur√ºck mit ner 2. Staffel (mit #StanaKatic) https://t.co/qRCnsIxOMA @PrimeVideoDE @AmazonHelp #istjaschonbald2019,"[{'screen_name': 'PrimeVideoDE', 'name': 'Prime Video DE', 'id': 22926019, 'id_str': '22926019', 'indices': [89, 102]}, {'screen_name': 'AmazonHelp', 'name': 'Amazon Help', 'id': 85741735, 'id_str': '85741735', 'indices': [103, 114]}]",,2,
176,1,"my account was on hold without any confirmation my account goes on permanent hold very disgusting i was a prime customers @AmazonHelp  
@MyAmazon  @amazon","[{'screen_name': 'AmazonHelp', 'name': 'Amazon Help', 'id': 85741735, 'id_str': '85741735', 'indices': [122, 133]}, {'screen_name': 'MyAmazon', 'name': 'MyAmazon', 'id': 2390062825, 'id_str': '2390062825', 'indices': [136, 145]}, {'screen_name': 'amazon', 'name': 'Amazon.com', 'id': 20793816, 'id_str': '20793816', 'indices': [147, 154]}]",,2,
177,1,"Hi @AmazonHelp !
I'm trying to order new Kindle, carefully select one. And the outcome is in picture attached. Totally disappointed :( https://t.co/h6x2wfrYtx","[{'screen_name': 'AmazonHelp', 'name': 'Amazon Help', 'id': 85741735, 'id_str': '85741735', 'indices': [3, 14]}]",,2,
178,1,Sick of calling amazon two times without any resolution of my issue. @amazonIN @AmazonHelp,"[{'screen_name': 'amazonIN', 'name': 'Amazon.in', 'id': 1282946089, 'id_str': '1282946089', 'indices': [69, 78]}, {'screen_name': 'AmazonHelp', 'name': 'Amazon Help', 'id': 85741735, 'id_str': '85741735', 'indices': [79, 90]}]",,2,
179,1,Hey @AmazonHelp is there a reason I can‚Äôt buy this book? All I can do is download a sample but I would like the whole book https://t.co/SHmLL9xD9g,"[{'screen_name': 'AmazonHelp', 'name': 'Amazon Help', 'id': 85741735, 'id_str': '85741735', 'indices': [4, 15]}]",,2,
180,1,"Why have you change the prepaid return option to the Post Office @AmazonHelp, who apparently can not scan the QR codes you are issuing to customers?  Maybe someone forgot to check the practicality of using QR codes?? #fail","[{'screen_name': 'AmazonHelp', 'name': 'Amazon Help', 'id': 85741735, 'id_str': '85741735', 'indices': [65, 76]}]",,2,
181,4,.@AmazonESP @AmazonHelp llevo reclamando desde el 14 de septiembre una factura modificada por mail para que me digan que me la mandan y no lo hacen. Me llaman cuando he especificado que no puedo atender el tel√©fono. Me planteo devolver el microondas de los c***nes,"[{'screen_name': 'AmazonESP', 'name': 'Amazon.es', 'id': 348339816, 'id_str': '348339816', 'indices': [1, 11]}, {'screen_name': 'AmazonHelp', 'name': 'Amazon Help', 'id': 85741735, 'id_str': '85741735', 'indices': [12, 23]}]",,2,
182,1,"Dear @WholeFoods, can we please have vegan fruit tart / pie in your bakery? It‚Äôs incredibly absurd that an awesome dessert full of berries and kiwi is put in a crust that has eggs or dairy.
Thanks.
#vegan #WFPB
@AmazonHelp https://t.co/maOm7yqWFh","[{'screen_name': 'WholeFoods', 'name': 'Whole Foods Market', 'id': 15131310, 'id_str': '15131310', 'indices': [5, 16]}, {'screen_name': 'AmazonHelp', 'name': 'Amazon Help', 'id': 85741735, 'id_str': '85741735', 'indices': [211, 222]}]",,2,
183,4,Comme j‚Äôai pas de chance 3 colis re√ßus car j‚Äôavais le haut du meuble ab√Æm√© encore plus ab√Æm√© que l‚Äôoriginale je laisse tomber @AmazonHelp https://t.co/ktrUn5z4Rg,"[{'screen_name': 'AmazonHelp', 'name': 'Amazon Help', 'id': 85741735, 'id_str': '85741735', 'indices': [126, 137]}]",,2,
184,3,"Gotta say, @AmazonHelp customer service is pretty decent! üëåüèæ","[{'screen_name': 'AmazonHelp', 'name': 'Amazon Help', 'id': 85741735, 'id_str': '85741735', 'indices': [11, 22]}]",,2,
185,1,"Hi @AmazonHelp your delivery agent has cancelled the delivery on two consecutive days, citing my unavailability. However, I have not been contacted by him and he isn't answering my calls. I ordered through Prime last week and I still haven't received the product.","[{'screen_name': 'AmazonHelp', 'name': 'Amazon Help', 'id': 85741735, 'id_str': '85741735', 'indices': [3, 14]}]",,2,
186,1,"My order is undelivered since 2 days whenever I have called the E-Commerce given number calling rudely and denied the delivery on time.
Order ID = 248575610
Really disappointed with the delivery from amazon.@AmazonHelp","[{'screen_name': 'AmazonHelp', 'name': 'Amazon Help', 'id': 85741735, 'id_str': '85741735', 'indices': [207, 218]}]",,2,
187,1,Stupid @AmazonHelp tells me to deal with the seller !!!!!! Why do we have to deal with amazon if we have to contact the seller !!!!! @amazon must go down,"[{'screen_name': 'AmazonHelp', 'name': 'Amazon Help', 'id': 85741735, 'id_str': '85741735', 'indices': [7, 18]}, {'screen_name': 'amazon', 'name': 'Amazon.com', 'id': 20793816, 'id_str': '20793816', 'indices': [133, 140]}]",,2,
188,4,Salut @AmazonNewsFR @AmazonHelp @amazon juste pour savoir quand est ce que ce produits sera dispo ?üòÖ Et si vous avez un petit bon d'achat qui traine ? ü§∑‚Äç‚ôÇÔ∏èDes bisous https://t.co/V7Q5AUqPxI,"[{'screen_name': 'AmazonNewsFR', 'name': 'AmazonNewsFR', 'id': 3823924421, 'id_str': '3823924421', 'indices': [6, 19]}, {'screen_name': 'AmazonHelp', 'name': 'Amazon Help', 'id': 85741735, 'id_str': '85741735', 'indices': [20, 31]}, {'screen_name': 'amazon', 'name': 'Amazon.com', 'id': 20793816, 'id_str': '20793816', 'indices': [32, 39]}]",,2,
189,1,I‚Äôll be cut up it it doesn‚Äôt arrive until 8 or 11pm @AmazonHelp ü§£ü§£ https://t.co/2vH7EDh2DS,"[{'screen_name': 'AmazonHelp', 'name': 'Amazon Help', 'id': 85741735, 'id_str': '85741735', 'indices': [52, 63]}]",,2,
190,4,"Toujours pas de news de la @Fnac (cc @FnacVousAide ?), d' @AmazonFrance (cc @AmazonHelp ) et de @Decitre . 

Le vente de contenu p√©dopornographique dans vos enseigne de ne vous pose pas de soucis, donc ? https://t.co/zwSUAzGt6F","[{'screen_name': 'Fnac', 'name': 'Fnac', 'id': 8806412, 'id_str': '8806412', 'indices': [27, 32]}, {'screen_name': 'FnacVousAide', 'name': 'Service Client Fnac', 'id': 1903494355, 'id_str': '1903494355', 'indices': [37, 50]}, {'screen_name': 'AmazonFrance', 'name': 'Amazon.fr', 'id': 3823963875, 'id_str': '3823963875', 'indices': [58, 71]}, {'screen_name': 'AmazonHelp', 'name': 'Amazon Help', 'id': 85741735, 'id_str': '85741735', 'indices': [76, 87]}, {'screen_name': 'Decitre', 'name': 'Decitre', 'id': 257088207, 'id_str': '257088207', 'indices': [96, 104]}]",,2,
191,1,Dear @AmazonHelp I'm a UK customer and struggling to work out how to close my amazon account. Can you help me please?,"[{'screen_name': 'AmazonHelp', 'name': 'Amazon Help', 'id': 85741735, 'id_str': '85741735', 'indices': [5, 16]}]",,2,
192,1,"Preordered the new prince album back in June for @sazzee2011 which was released on Friday and still not arrived, pretty rubbish right? @AmazonUK @AmazonHelp","[{'screen_name': 'sazzee2011', 'name': 'Sarah Carter', 'id': 298752768, 'id_str': '298752768', 'indices': [49, 60]}, {'screen_name': 'AmazonUK', 'name': 'Amazon.co.uk', 'id': 209004862, 'id_str': '209004862', 'indices': [135, 144]}, {'screen_name': 'AmazonHelp', 'name': 'Amazon Help', 'id': 85741735, 'id_str': '85741735', 'indices': [145, 156]}]",,2,
193,1,Not worth being a prime member!! @AmazonUK @AmazonHelp https://t.co/GgpbBb6NN3,"[{'screen_name': 'AmazonUK', 'name': 'Amazon.co.uk', 'id': 209004862, 'id_str': '209004862', 'indices': [33, 42]}, {'screen_name': 'AmazonHelp', 'name': 'Amazon Help', 'id': 85741735, 'id_str': '85741735', 'indices': [43, 54]}]",,2,
194,1,"I've just bought Simon Sebag Montefiore's ""Red Sky at Noon"" for ¬£4 at Tesco's. The same Kindle book via @AmazonUK  cost 20% more. How can they justify that?
@AmazonHelp @AmazonKindle","[{'screen_name': 'AmazonUK', 'name': 'Amazon.co.uk', 'id': 209004862, 'id_str': '209004862', 'indices': [104, 113]}, {'screen_name': 'AmazonHelp', 'name': 'Amazon Help', 'id': 85741735, 'id_str': '85741735', 'indices': [157, 168]}, {'screen_name': 'AmazonKindle', 'name': 'Kindle', 'id': 84249568, 'id_str': '84249568', 'indices': [169, 182]}]",,2,
195,1,Hey @AmazonHelp your 40% of Star Wars Lego deal of the day isn‚Äôt working https://t.co/oPF71Qp0Kj https://t.co/cqaMnoPgGO,"[{'screen_name': 'AmazonHelp', 'name': 'Amazon Help', 'id': 85741735, 'id_str': '85741735', 'indices': [4, 15]}]",,2,
196,1,"I made updates to my account while traveling so I had ebooks to read. Now I've been locked out of my acct &amp; had purchases reversed due to 'suspicious activity'. Vigilance is good, but checking with me first would be better. Now I'm locked out with nothing to read @AmazonHelp","[{'screen_name': 'AmazonHelp', 'name': 'Amazon Help', 'id': 85741735, 'id_str': '85741735', 'indices': [268, 279]}]",,2,
197,1,Sooooo @amazon @AmazonHelp marks my package as delivered yet it is not here? Says left in mail room... don‚Äôt have a mail room. Spend $350+ on something with guaranteed delivery and it isn‚Äôt here. Awesome.,"[{'screen_name': 'amazon', 'name': 'Amazon.com', 'id': 20793816, 'id_str': '20793816', 'indices': [7, 14]}, {'screen_name': 'AmazonHelp', 'name': 'Amazon Help', 'id': 85741735, 'id_str': '85741735', 'indices': [15, 26]}]",,2,
198,1,"To: @AmazonHelp, @SpotifyCares
Subject: 
Crank That playback issues
Body: 
When telling Alexa to play Crank That (Soulja Boy), it plays a remix that has guitars in it.
This is not the official version of Crank That (Soulja Boy).
Please amend.","[{'screen_name': 'AmazonHelp', 'name': 'Amazon Help', 'id': 85741735, 'id_str': '85741735', 'indices': [4, 15]}, {'screen_name': 'SpotifyCares', 'name': 'SpotifyCares', 'id': 497340309, 'id_str': '497340309', 'indices': [17, 30]}]",,2,
199,1,"++ @amazonIN @AmazonHelp FYI..
I bought the product from your ecomm platform. So, looping you in to let you know your merchant's customer service https://t.co/QkHcnWSneO","[{'screen_name': 'amazonIN', 'name': 'Amazon.in', 'id': 1282946089, 'id_str': '1282946089', 'indices': [3, 12]}, {'screen_name': 'AmazonHelp', 'name': 'Amazon Help', 'id': 85741735, 'id_str': '85741735', 'indices': [13, 24]}]",,2,
