,,text,mentions,choose_one,class_label,,,
0,0,"*REWARD 4 ANY BLack KNigHt MUZIK LIBRARIES OR SONGS? THEY *(https://t.co/SCF2I4Qvmm)+BITCH BE UIAC UPWARDS $5000 COMPLETE OR PARTICAL?¬ø fbi+cia+doj+gov 
@CivilRights @CivilRightsCH @bmi @RIAA @ASCAP @sesac @digitalrights @DMA_org @BBCTech @GooglePlayMusic  @fbsecurity @LinkedIn","[{'screen_name': 'CivilRights', 'name': 'DOJ Civil Rights', 'id': 221135570, 'id_str': '221135570', 'indices': [153, 165]}, {'screen_name': 'CivilRightsCH', 'name': 'Civil Rights CH', 'id': 565177080, 'id_str': '565177080', 'indices': [166, 180]}, {'screen_name': 'bmi', 'name': 'Broadcast Music Inc.', 'id': 14392252, 'id_str': '14392252', 'indices': [181, 185]}, {'screen_name': 'RIAA', 'name': 'RIAA', 'id': 487620060, 'id_str': '487620060', 'indices': [186, 191]}, {'screen_name': 'ASCAP', 'name': 'ASCAP', 'id': 31136855, 'id_str': '31136855', 'indices': [192, 198]}, {'screen_name': 'sesac', 'name': 'SESAC, Inc.', 'id': 55574387, 'id_str': '55574387', 'indices': [199, 205]}, {'screen_name': 'digitalrights', 'name': 'digitalrights', 'id': 18882562, 'id_str': '18882562', 'indices': [206, 220]}, {'screen_name': 'DMA_org', 'name': 'DigitalMediaAcademy', 'id': 18457641, 'id_str': '18457641', 'indices': [221, 229]}, {'screen_name': 'BBCTech', 'name': 'BBC Technology', 'id': 621583, 'id_str': '621583', 'indices': [230, 238]}, {'screen_name': 'GooglePlayMusic', 'name': 'Google Play Music', 'id': 3307218826, 'id_str': '3307218826', 'indices': [239, 255]}, {'screen_name': 'fbsecurity', 'name': 'Facebook Security', 'id': 69219328, 'id_str': '69219328', 'indices': [257, 268]}, {'screen_name': 'LinkedIn', 'name': 'LinkedIn', 'id': 13058772, 'id_str': '13058772', 'indices': [269, 278]}]",,2,,,
1,0,"Spent part of this rainy #DC afternoon talking to @NADAUpdate members about #digital #advocacy along with some great panelists from @twitter (@crush), @LinkedIn, and @google! Thanks, @AbramOlmstead, for putting together such a good group üôåüèª https://t.co/U4B8SkN3EE","[{'screen_name': 'NADAUpdate', 'name': 'NADA', 'id': 337941418, 'id_str': '337941418', 'indices': [50, 61]}, {'screen_name': 'Twitter', 'name': 'Twitter', 'id': 783214, 'id_str': '783214', 'indices': [132, 140]}, {'screen_name': 'crush', 'name': 'Caitlin Rush', 'id': 18808392, 'id_str': '18808392', 'indices': [142, 148]}, {'screen_name': 'LinkedIn', 'name': 'LinkedIn', 'id': 13058772, 'id_str': '13058772', 'indices': [151, 160]}, {'screen_name': 'Google', 'name': 'Google', 'id': 20536157, 'id_str': '20536157', 'indices': [166, 173]}, {'screen_name': 'AbramOlmstead', 'name': 'Abram Olmstead', 'id': 174307994, 'id_str': '174307994', 'indices': [183, 197]}]",,2,,,
2,0,"Love it or Hate It, It‚Äôs @TimSackett : Your Weekly Dose of HR Tech: @LinkedIn Talent Insights ‚Äì LI's newest product! https://t.co/UNLEIoTBo4","[{'screen_name': 'TimSackett', 'name': 'Tim Sackett SCP,SPHR', 'id': 19343643, 'id_str': '19343643', 'indices': [25, 36]}, {'screen_name': 'LinkedIn', 'name': 'LinkedIn', 'id': 13058772, 'id_str': '13058772', 'indices': [68, 77]}]",,2,,,
3,0,How cool to see this @Office365 integration with @LinkedIn! https://t.co/9twU0olEQt,"[{'screen_name': 'Office365', 'name': 'Office 365', 'id': 137365854, 'id_str': '137365854', 'indices': [21, 31]}, {'screen_name': 'LinkedIn', 'name': 'LinkedIn', 'id': 13058772, 'id_str': '13058772', 'indices': [49, 58]}]",,2,,,
4,0,"@""From Venice to the world: restoring heritage and unlocking people‚Äôs potential"" https://t.co/rQTS9jtboY sur @LinkedIn","[{'screen_name': 'LinkedIn', 'name': 'LinkedIn', 'id': 13058772, 'id_str': '13058772', 'indices': [109, 118]}]",,2,,,
5,0,"@""La inflaci√≥n sube menos de lo esperado; Google lanza programa de pasant√≠as en M√©xico y otras noticias"" https://t.co/kF9Gvzxq9i en @LinkedIn","[{'screen_name': 'LinkedIn', 'name': 'LinkedIn', 'id': 13058772, 'id_str': '13058772', 'indices': [132, 141]}]",,2,,,
6,0,"Psst!
https://t.co/rdPoh8gNbP.
#Illuminati #nwo #world #news #nowplaying @LinkedIn #in #GooglePlus. https://t.co/loUbV44I1a","[{'screen_name': 'LinkedIn', 'name': 'LinkedIn', 'id': 13058772, 'id_str': '13058772', 'indices': [73, 82]}]",,2,,,
7,0,"@""PRIVATE INVESTIGATORS AND DRONES. WHAT ARE THE MISCONCEPTIONS AND LIMITATIONS ON USE? "" https://t.co/clyLvT0Pji on @LinkedIn","[{'screen_name': 'LinkedIn', 'name': 'LinkedIn', 'id': 13058772, 'id_str': '13058772', 'indices': [117, 126]}]",,2,,,
8,1,why does this happen every time i try to upload a video to @LinkedIn? @LinkedInHelp https://t.co/8Nx8GOLFxx,"[{'screen_name': 'LinkedIn', 'name': 'LinkedIn', 'id': 13058772, 'id_str': '13058772', 'indices': [59, 68]}, {'screen_name': 'LinkedInHelp', 'name': 'LinkedIn Help', 'id': 252792134, 'id_str': '252792134', 'indices': [70, 83]}]",,2,,,
9,0,Nice summary of ‚Å¶@LinkedIn‚Å© is doing with their latest product #talent insights ‚Å¶@TimSackett‚Å© #recruitment #HRTech  https://t.co/1dmg4Et5fy,"[{'screen_name': 'LinkedIn', 'name': 'LinkedIn', 'id': 13058772, 'id_str': '13058772', 'indices': [17, 26]}, {'screen_name': 'TimSackett', 'name': 'Tim Sackett SCP,SPHR', 'id': 19343643, 'id_str': '19343643', 'indices': [81, 92]}]",,2,,,
10,1,By far the most ignorance on any social platform lives on @LinkedIn,"[{'screen_name': 'LinkedIn', 'name': 'LinkedIn', 'id': 13058772, 'id_str': '13058772', 'indices': [58, 67]}]",,2,,,
11,0,"@""Elise Lucet &amp; la charte de Munich"" https://t.co/NE13EkDsgB sur @LinkedIn","[{'screen_name': 'LinkedIn', 'name': 'LinkedIn', 'id': 13058772, 'id_str': '13058772', 'indices': [69, 78]}]",,2,,,
12,0,"#infosec #Cyber ""10 very good reasons you should know your #NIST score!"" https://t.co/ZX8Nw8cOQR by @smesecurity on @LinkedIn","[{'screen_name': 'smesecurity', 'name': 'Roger Smith', 'id': 168393498, 'id_str': '168393498', 'indices': [100, 112]}, {'screen_name': 'LinkedIn', 'name': 'LinkedIn', 'id': 13058772, 'id_str': '13058772', 'indices': [116, 125]}]",,2,,,
13,0,"""Cradlepoint: conectividad, movilidad, y alto valor a√±adido"" https://t.co/IWXZhbplaQ by @TEFengineer on @LinkedIn","[{'screen_name': 'TEFengineer', 'name': 'Leandro Pav√≥n', 'id': 2253320970, 'id_str': '2253320970', 'indices': [88, 100]}, {'screen_name': 'LinkedIn', 'name': 'LinkedIn', 'id': 13058772, 'id_str': '13058772', 'indices': [104, 113]}]",,2,,,
14,0,60% of the time it works every time. https://t.co/4zkVrDxe2f via @Inc come to the @gwcareercenter career fair 9/28 to get a FREE HEADSHOT for your @LinkedIn profile!,"[{'screen_name': 'Inc', 'name': 'Inc.', 'id': 16896485, 'id_str': '16896485', 'indices': [65, 69]}, {'screen_name': 'gwcareercenter', 'name': 'GW Career Services', 'id': 14466627, 'id_str': '14466627', 'indices': [82, 97]}, {'screen_name': 'LinkedIn', 'name': 'LinkedIn', 'id': 13058772, 'id_str': '13058772', 'indices': [147, 156]}]",,2,,,
15,0,"""STRATEGIC HEALTH LEADERSHIP (SHELDR) THOUGHT LEADERSHIP SERIES Genesis of SHELDR: Part 1 (SHELDR Blog #2-2018)"" https://t.co/yobpURCFKa by @Doug_Anderson57 on @LinkedIn","[{'screen_name': 'Doug_Anderson57', 'name': 'Strategic HEalth LDR', 'id': 218281156, 'id_str': '218281156', 'indices': [140, 156]}, {'screen_name': 'LinkedIn', 'name': 'LinkedIn', 'id': 13058772, 'id_str': '13058772', 'indices': [160, 169]}]",,2,,,
16,0,"Talent Insights de @LinkedIn abre hoy su Beta. Una plataforma que permite responder preguntas complejas sobre los posibles candidatos a contratar; todo ello gracias a un motor de #IA que analiza los datos de la propia red.

https://t.co/KblhuLefOF","[{'screen_name': 'LinkedIn', 'name': 'LinkedIn', 'id': 13058772, 'id_str': '13058772', 'indices': [19, 28]}]",,2,,,
17,0,. @LinkedIn hoe vaak moet je op weigeren drukken voordat jullie in de gaten hebben dat ik het echt niet wil? https://t.co/aYQYFjGTKH,"[{'screen_name': 'LinkedIn', 'name': 'LinkedIn', 'id': 13058772, 'id_str': '13058772', 'indices': [2, 11]}]",,2,,,
18,0,"If you have a @LinkedIn account feel free to connect with me. 
Click the link below: 
https://t.co/zAFdVrh5Pq","[{'screen_name': 'LinkedIn', 'name': 'LinkedIn', 'id': 13058772, 'id_str': '13058772', 'indices': [14, 23]}]",,2,,,
19,0,"Workforce reports from @LinkedIn which look at hiring, skills, and migration trends in regards to the US workforce through the data found by LinkedIn through it's members data.

https://t.co/2PhYfFPgVt","[{'screen_name': 'LinkedIn', 'name': 'LinkedIn', 'id': 13058772, 'id_str': '13058772', 'indices': [23, 32]}]",,2,,,
20,0,"Please Recycle, via @TimSackett : Your Weekly Dose of HR Tech: @LinkedIn Talent Insights ‚Äì LI's newest product! https://t.co/xHOAAKFKKP","[{'screen_name': 'TimSackett', 'name': 'Tim Sackett SCP,SPHR', 'id': 19343643, 'id_str': '19343643', 'indices': [20, 31]}, {'screen_name': 'LinkedIn', 'name': 'LinkedIn', 'id': 13058772, 'id_str': '13058772', 'indices': [63, 72]}]",,2,,,
21,0,Thanks to the power of @twitter &amp, @LinkedIn we now have a new set of EYFS Hi-viz jackets. @TenetEd @CPCuk üëçüèª https://t.co/LDCCFKR7kZ,"[{'screen_name': 'Twitter', 'name': 'Twitter', 'id': 783214, 'id_str': '783214', 'indices': [23, 31]}, {'screen_name': 'LinkedIn', 'name': 'LinkedIn', 'id': 13058772, 'id_str': '13058772', 'indices': [38, 47]}, {'screen_name': 'TenetEd', 'name': 'Tenet Ed Services', 'id': 4296057328, 'id_str': '4296057328', 'indices': [94, 102]}, {'screen_name': 'CPCuk', 'name': 'Crescent Purchasing', 'id': 353747772, 'id_str': '353747772', 'indices': [103, 109]}]",,2,,
22,0,"@""Porsche strengthens the core of its brand: No diesel models to be offered on the market in the future
"" https://t.co/3N2eIsVGNO on @LinkedIn","[{'screen_name': 'LinkedIn', 'name': 'LinkedIn', 'id': 13058772, 'id_str': '13058772', 'indices': [133, 142]}]",,2,,,
23,0,"""Discovering the Motivated Career Path by @NateClayberg on @LinkedIn"" https://t.co/64w1HvMr32","[{'screen_name': 'NateClayberg', 'name': 'Nate Clayberg - CareerAdventure', 'id': 2494870044, 'id_str': '2494870044', 'indices': [42, 55]}, {'screen_name': 'LinkedIn', 'name': 'LinkedIn', 'id': 13058772, 'id_str': '13058772', 'indices': [59, 68]}]",,2,,,
24,0,"""Discovering My Business Superpower on @LinkedIn"" https://t.co/X2JYXtUXXU","[{'screen_name': 'LinkedIn', 'name': 'LinkedIn', 'id': 13058772, 'id_str': '13058772', 'indices': [39, 48]}]",,2,,,
25,0,"Favorite @LinkedIn Invitation of the Day

Hi, looks like our network could be mutually beneficial.

His network? Sports Management of commercial rights to Asian football.

Bam. Perfect match. Accept.","[{'screen_name': 'LinkedIn', 'name': 'LinkedIn', 'id': 13058772, 'id_str': '13058772', 'indices': [9, 18]}]",,2,,,
26,0,"Fundraising is tough, but the wise founder knows it‚Äôs one of the most critical functions within a startup. I teamed up with my friends @NFXGuild to share the top lessons I learned as a founder @LinkedIn, and now share as an investor at @GreylockVC. https://t.co/t1cpIqNhvl","[{'screen_name': 'NFXGuild', 'name': 'NFX', 'id': 3070985713, 'id_str': '3070985713', 'indices': [135, 144]}, {'screen_name': 'LinkedIn', 'name': 'LinkedIn', 'id': 13058772, 'id_str': '13058772', 'indices': [193, 202]}, {'screen_name': 'GreylockVC', 'name': 'Greylock Partners', 'id': 41003633, 'id_str': '41003633', 'indices': [236, 247]}]",,2,,,
27,0,"""Le transport public est √† l‚Äôaube de sa r√©volution digitale"" https://t.co/cVE3aU9Hju par @Patrice_Caine sur @LinkedIn","[{'screen_name': 'Patrice_Caine', 'name': 'Patrice Caine', 'id': 3115155587, 'id_str': '3115155587', 'indices': [89, 103]}, {'screen_name': 'LinkedIn', 'name': 'LinkedIn', 'id': 13058772, 'id_str': '13058772', 'indices': [108, 117]}]",,2,,,
28,1,"It‚Äôs disgusting that a convicted violent paedophilic sexual predator is still allowed a @LinkedIn profile boasting accomplishments, a @YouTube profile &amp; can work with families in a hardware store like he‚Äôs #AmericasDad utterly #EpicFail - as bad as #BillCosby","[{'screen_name': 'LinkedIn', 'name': 'LinkedIn', 'id': 13058772, 'id_str': '13058772', 'indices': [88, 97]}, {'screen_name': 'YouTube', 'name': 'YouTube', 'id': 10228272, 'id_str': '10228272', 'indices': [134, 142]}]",,2,,,
29,0,"@""Is Your Workplace a Micromanagement Free Zone?"" https://t.co/RFTlPpMfQK en @LinkedIn","[{'screen_name': 'LinkedIn', 'name': 'LinkedIn', 'id': 13058772, 'id_str': '13058772', 'indices': [77, 86]}]",,2,,,
30,0,Quand on confond son compte @twitter avec son compte @LinkedIn. https://t.co/O7FCdrex5j,"[{'screen_name': 'Twitter', 'name': 'Twitter', 'id': 783214, 'id_str': '783214', 'indices': [28, 36]}, {'screen_name': 'LinkedIn', 'name': 'LinkedIn', 'id': 13058772, 'id_str': '13058772', 'indices': [53, 62]}]",,2,,,
31,0,"""Ten Fundamental Truths That Will Change Your Life"" https://t.co/ZuKyTEUEuD by @talentsmarteq on @LinkedIn","[{'screen_name': 'talentsmarteq', 'name': 'Dr. Travis Bradberry', 'id': 3161792636, 'id_str': '3161792636', 'indices': [79, 93]}, {'screen_name': 'LinkedIn', 'name': 'LinkedIn', 'id': 13058772, 'id_str': '13058772', 'indices': [97, 106]}]",,2,,,
32,0,"""Prince William launches 'Mental Health at Work'‚Äã"" https://t.co/BR0yJ3Nx6q by @wellbeing_medit on @LinkedIn. @Mma_Kennedy","[{'screen_name': 'wellbeing_medit', 'name': 'Wellbeing Meditation', 'id': 244020236, 'id_str': '244020236', 'indices': [78, 94]}, {'screen_name': 'LinkedIn', 'name': 'LinkedIn', 'id': 13058772, 'id_str': '13058772', 'indices': [98, 107]}, {'screen_name': 'Mma_Kennedy', 'name': 'Charity Kiki Kennedy', 'id': 2670828826, 'id_str': '2670828826', 'indices': [109, 121]}]",,2,,,
33,0,"I love @twitter and @LinkedIn , the two underrated social media tools  in the üáµüá≠ yet so powerful üéØ","[{'screen_name': 'Twitter', 'name': 'Twitter', 'id': 783214, 'id_str': '783214', 'indices': [7, 15]}, {'screen_name': 'LinkedIn', 'name': 'LinkedIn', 'id': 13058772, 'id_str': '13058772', 'indices': [20, 29]}]",,2,,,
34,0,"For news, #CareerOpportunities and more, follow us on #LinkedIn! @LinkedIn https://t.co/qJLlMsDJPT","[{'screen_name': 'LinkedIn', 'name': 'LinkedIn', 'id': 13058772, 'id_str': '13058772', 'indices': [65, 74]}]",,2,,,
35,0,"""Winstbelasting over verkoop onroerend goed Tsjechi√´ - hoe te voorkomen?"" by @tsjechischrecht on @LinkedIn https://t.co/YqIktHqr8E","[{'screen_name': 'tsjechischrecht', 'name': 'Hartmanova.eu', 'id': 148657037, 'id_str': '148657037', 'indices': [77, 93]}, {'screen_name': 'LinkedIn', 'name': 'LinkedIn', 'id': 13058772, 'id_str': '13058772', 'indices': [97, 106]}]",,2,,,
36,0,3 #Salary #Negotiation FAQs for #Women Who Want to Close Their Wage Gaps #equalpay @LinkedIn https://t.co/Vk0K47T5LC https://t.co/gdh04lF1tB,"[{'screen_name': 'LinkedIn', 'name': 'LinkedIn', 'id': 13058772, 'id_str': '13058772', 'indices': [83, 92]}]",,2,,,
37,0,hmmm.. The transfer of @LinkedIn profile data to @Glassdoor via the PDF method is not quite.. on point yet.  Many mismatches.,"[{'screen_name': 'LinkedIn', 'name': 'LinkedIn', 'id': 13058772, 'id_str': '13058772', 'indices': [23, 32]}, {'screen_name': 'Glassdoor', 'name': 'Glassdoor', 'id': 19923293, 'id_str': '19923293', 'indices': [49, 59]}]",,2,,,
38,0,Blocked a person on @LinkedIn (first time ever) - not even sure I was following him but pushy person saying money is owed to me clearly doesn't know me. https://t.co/9vAmYvGJ2U,"[{'screen_name': 'LinkedIn', 'name': 'LinkedIn', 'id': 13058772, 'id_str': '13058772', 'indices': [20, 29]}]",,2,,,
39,0,.@LinkedIn CEO reveals the single most important question to ask in a job interview: https://t.co/J2Fvh5shH2 https://t.co/d2Kn2Um6VH,"[{'screen_name': 'LinkedIn', 'name': 'LinkedIn', 'id': 13058772, 'id_str': '13058772', 'indices': [1, 10]}]",,2,,,
40,0,"@""Optimiza tu escritorio. Tu trabajo diario te lo agradecer√°"" https://t.co/FjY8Yb72lQ en @LinkedIn","[{'screen_name': 'LinkedIn', 'name': 'LinkedIn', 'id': 13058772, 'id_str': '13058772', 'indices': [89, 98]}]",,2,,,
41,0,Book your place early for this one! It will sell out very fast! @NRFIreland @LinkedIn #insights https://t.co/OoeQVnEizB,"[{'screen_name': 'NRFIreland', 'name': 'NRF Ireland', 'id': 147960043, 'id_str': '147960043', 'indices': [64, 75]}, {'screen_name': 'LinkedIn', 'name': 'LinkedIn', 'id': 13058772, 'id_str': '13058772', 'indices': [76, 85]}]",,2,,,
42,0,New LinkedIn Features in Office 365 Help You Build Relationships and Better Collaborate https://t.co/EESKs4LRHY via @LinkedIn,"[{'screen_name': 'LinkedIn', 'name': 'LinkedIn', 'id': 13058772, 'id_str': '13058772', 'indices': [116, 125]}]",,2,,,
43,0,Your Guide to Winning @ Work: The Art of Asking for Help https://t.co/rY9sfQG11D via @LinkedIn,"[{'screen_name': 'LinkedIn', 'name': 'LinkedIn', 'id': 13058772, 'id_str': '13058772', 'indices': [85, 94]}]",,2,,,
44,0,"Here‚Äôs a article written by Michael Lindsay, Premier Fords advisor on uploading Toronto‚Äôs Subway System: @""Thoughts on the Canadian Infrastructure Bank"" https://t.co/avcSMmfcvH on @LinkedIn #TOpoli #TTC #onpoli","[{'screen_name': 'LinkedIn', 'name': 'LinkedIn', 'id': 13058772, 'id_str': '13058772', 'indices': [180, 189]}]",,2,,,
45,1,man @linkedin is really going hard with this ‚Äúcommercial use‚Äù limit on searching for someone‚Äôs name on linkedin.  i‚Äôm already paying for a service that 99% of people only use for free -now showing me 3 search results and an ‚Äúupgrade plan‚Äù link‚Ä¶ #fail,"[{'screen_name': 'LinkedIn', 'name': 'LinkedIn', 'id': 13058772, 'id_str': '13058772', 'indices': [4, 13]}]",,2,,,
46,0,Building Community and Celebrating Women in Tech: We‚Äôre in it together https://t.co/JmKx8C02Ti via @LinkedIn,"[{'screen_name': 'LinkedIn', 'name': 'LinkedIn', 'id': 13058772, 'id_str': '13058772', 'indices': [99, 108]}]",,2,,,
47,0,New LinkedIn Features in Office 365 Help You Build Relationships and Better Collaborate https://t.co/YBs0jicA8e via @LinkedIn,"[{'screen_name': 'LinkedIn', 'name': 'LinkedIn', 'id': 13058772, 'id_str': '13058772', 'indices': [116, 125]}]",,2,,,
48,0,Thanks to @LinkedIn https://t.co/OoVf52QXu8,"[{'screen_name': 'LinkedIn', 'name': 'LinkedIn', 'id': 13058772, 'id_str': '13058772', 'indices': [10, 19]}]",,2,,,
49,0,"The fight on behalf of victim's of violence. Please download from Amazon are buy from CD BABY. Please support the project.
https://t.co/s16Zx2K87h @LinkedIn @rgianatos @TheEllenShow @Oprah @thismorning @NaomiCampbell","[{'screen_name': 'LinkedIn', 'name': 'LinkedIn', 'id': 13058772, 'id_str': '13058772', 'indices': [147, 156]}, {'screen_name': 'rgianatos', 'name': 'Rick Gianatos', 'id': 32631510, 'id_str': '32631510', 'indices': [157, 167]}, {'screen_name': 'TheEllenShow', 'name': 'Ellen DeGeneres', 'id': 15846407, 'id_str': '15846407', 'indices': [168, 181]}, {'screen_name': 'Oprah', 'name': 'Oprah Winfrey', 'id': 19397785, 'id_str': '19397785', 'indices': [182, 188]}, {'screen_name': 'thismorning', 'name': 'This Morning', 'id': 19291952, 'id_str': '19291952', 'indices': [189, 201]}, {'screen_name': 'NaomiCampbell', 'name': 'Naomi Campbell', 'id': 784680583, 'id_str': '784680583', 'indices': [202, 216]}]",,2,,,
50,0,"From @TimSackett, Personnel Jesus : Your Weekly Dose of HR Tech: @LinkedIn Talent Insights ‚Äì LI's newest product! https://t.co/cz8PVcfwXv","[{'screen_name': 'TimSackett', 'name': 'Tim Sackett SCP,SPHR', 'id': 19343643, 'id_str': '19343643', 'indices': [5, 16]}, {'screen_name': 'LinkedIn', 'name': 'LinkedIn', 'id': 13058772, 'id_str': '13058772', 'indices': [65, 74]}]",,2,,,
51,0,And employee from @LinkedIn saw me and said ‚Äúyour Lena Nelson from @NextPlayEvents ...I‚Äôll see you Friday at the private event ! I can‚Äôt wait for you to perform ‚Äú then I‚Äôm just like oh üò≥ okay ! my face is blushing üòä ...if my face can turn red it will ‚ò∫Ô∏è,"[{'screen_name': 'LinkedIn', 'name': 'LinkedIn', 'id': 13058772, 'id_str': '13058772', 'indices': [18, 27]}, {'screen_name': 'NextPlayEvents', 'name': 'NEXTPLAY', 'id': 932699335795625985, 'id_str': '932699335795625985', 'indices': [67, 82]}]",,2,,,
52,0,Productive meeting with @LinkedIn‚Äôs CEO @Jeffweiner at City Hall today to discuss how we can work together to ensure that #LondonIsOpen to talent and continues to thrive as a global tech hub. https://t.co/bWiB2pVZig,"[{'screen_name': 'LinkedIn', 'name': 'LinkedIn', 'id': 13058772, 'id_str': '13058772', 'indices': [24, 33]}, {'screen_name': 'jeffweiner', 'name': 'Jeff Weiner', 'id': 20348377, 'id_str': '20348377', 'indices': [40, 51]}]",,2,,,
53,0,#Batman Helps You Use @LinkedIn Sponsored Content Competitively. (SmartData Collective) https://t.co/VAwCLtqBKV https://t.co/GlN3svp9JY,"[{'screen_name': 'LinkedIn', 'name': 'LinkedIn', 'id': 13058772, 'id_str': '13058772', 'indices': [22, 31]}]",,2,,,
54,1,"I keep getting unsolicited marketing emails to my work (thanks for selling my email address @LinkedIn). 

I am going to start replying to them ‚Äúno I can‚Äôt buy your services but I need a new job... hire me for $150k a year‚Äù","[{'screen_name': 'LinkedIn', 'name': 'LinkedIn', 'id': 13058772, 'id_str': '13058772', 'indices': [92, 101]}]",,2,,,
55,0,"@""The do's and dont's of an Effective Chatbot Design"" https://t.co/gfZfwTSnCM on @LinkedIn","[{'screen_name': 'LinkedIn', 'name': 'LinkedIn', 'id': 13058772, 'id_str': '13058772', 'indices': [81, 90]}]",,2,,,
56,0,"ARTICLE - Decoding leadership: What really matters, via @McKinsey  @Linkedin   https://t.co/NhK2VNRtgz","[{'screen_name': 'McKinsey', 'name': 'McKinsey & Company', 'id': 34042766, 'id_str': '34042766', 'indices': [56, 65]}, {'screen_name': 'LinkedIn', 'name': 'LinkedIn', 'id': 13058772, 'id_str': '13058772', 'indices': [67, 76]}]",,2,,,
57,0,"#LinkedIn September Workforce Report 2018 ‚Äî nationally, across all industries, gross hiring in the U.S. was 2.9% higher than in August 2017, via @LinkedIn https://t.co/PBSSDxoYoQ https://t.co/lvuzSu2RfS","[{'screen_name': 'LinkedIn', 'name': 'LinkedIn', 'id': 13058772, 'id_str': '13058772', 'indices': [145, 154]}]",,2,,,
58,0,Why You Need to Change Your Perspective on Failure https://t.co/US0tPGgvmU via @LinkedIn,"[{'screen_name': 'LinkedIn', 'name': 'LinkedIn', 'id': 13058772, 'id_str': '13058772', 'indices': [79, 88]}]",,2,,,
59,0,"""Five Lessons Learned from my (Unexpected) Career in Washington"" https://t.co/UucLVz8Xtj by @CesarConda on @LinkedIn","[{'screen_name': 'CesarConda', 'name': 'CesarConda', 'id': 335660433, 'id_str': '335660433', 'indices': [92, 103]}, {'screen_name': 'LinkedIn', 'name': 'LinkedIn', 'id': 13058772, 'id_str': '13058772', 'indices': [107, 116]}]",,2,,,
60,1,Lols. Seriously @LinkedIn ‚Ç¨64 a month for Premium. Hoping you are making your money from recruiters üò≥,"[{'screen_name': 'LinkedIn', 'name': 'LinkedIn', 'id': 13058772, 'id_str': '13058772', 'indices': [16, 25]}]",,2,,,
61,0,New LinkedIn Features in Office 365 Help You Build Relationships and Better Collaborate https://t.co/fsxTwK4VuN via @LinkedIn,"[{'screen_name': 'LinkedIn', 'name': 'LinkedIn', 'id': 13058772, 'id_str': '13058772', 'indices': [116, 125]}]",,2,,,
62,1,"Dear @LinkedIn @LinkedInHelp, please stop asking me this 10 times a day! üôà https://t.co/fpdEmaeEuG","[{'screen_name': 'LinkedIn', 'name': 'LinkedIn', 'id': 13058772, 'id_str': '13058772', 'indices': [5, 14]}, {'screen_name': 'LinkedInHelp', 'name': 'LinkedIn Help', 'id': 252792134, 'id_str': '252792134', 'indices': [15, 28]}]",,2,,,
63,0,"Bob McCarrick asks, ‚ÄúWhat advice or recommendations do you give companies that are having trouble finding the right skilled workers?‚Äù Amy Pollack of @LinkedIn advises finding your unique selling proposition. Watch @capitalonecb‚Äôs #capxtalk now! https://t.co/kJymAjopoK","[{'screen_name': 'LinkedIn', 'name': 'LinkedIn', 'id': 13058772, 'id_str': '13058772', 'indices': [149, 158]}, {'screen_name': 'CapitalOneCB', 'name': 'Commercial Banking', 'id': 438474948, 'id_str': '438474948', 'indices': [214, 227]}]",,2,,,
64,0,"#LinkedIn September Workforce Report 2018 ‚Äî nationally, across all industries, gross hiring in the U.S. was 2.9% higher than in August 2017, via @LinkedIn https://t.co/x5IUhwjEke https://t.co/snKDUPK0UG","[{'screen_name': 'LinkedIn', 'name': 'LinkedIn', 'id': 13058772, 'id_str': '13058772', 'indices': [145, 154]}]",,2,,,
65,1,either I am missing something (very possible) or...can @linkedin please improve the UX for looking through 1st connections?,"[{'screen_name': 'LinkedIn', 'name': 'LinkedIn', 'id': 13058772, 'id_str': '13058772', 'indices': [55, 64]}]",,2,,,
66,0,"These are among the top 10 challenges that #employees in the #US are facing right now, based on new research from @LinkedIn: https://t.co/vZYwGI3JLJ","[{'screen_name': 'LinkedIn', 'name': 'LinkedIn', 'id': 13058772, 'id_str': '13058772', 'indices': [114, 123]}]",,2,,,
67,0,"I just watched this intro to @code course on ‚Å¶@LinkedIn‚Å© Learning. I really appreciate how ‚Å¶@ReynaldAdolphe‚Å© walked through the examples (showing, not just telling) especially the videos on code refactoring and the interactive playground. Nice!https://t.co/glMl1XKgJB","[{'screen_name': 'code', 'name': 'Visual Studio Code', 'id': 3167734591, 'id_str': '3167734591', 'indices': [29, 34]}, {'screen_name': 'LinkedIn', 'name': 'LinkedIn', 'id': 13058772, 'id_str': '13058772', 'indices': [46, 55]}, {'screen_name': 'ReynaldAdolphe', 'name': 'Reynald Adolphe', 'id': 2901035342, 'id_str': '2901035342', 'indices': [92, 107]}]",,2,,,
68,0,Your Weekly Dose of HR Tech: @LinkedIn Talent Insights ‚Äì LI's newest product! https://t.co/g09tEjIDFu,"[{'screen_name': 'LinkedIn', 'name': 'LinkedIn', 'id': 13058772, 'id_str': '13058772', 'indices': [29, 38]}]",,2,,,
69,0,"""16 Fascinating Augmented Reality Quotes Everyone Should Read"" https://t.co/HiJBPon4lL by @BernardMarr on @LinkedIn","[{'screen_name': 'BernardMarr', 'name': 'Bernard Marr', 'id': 108286674, 'id_str': '108286674', 'indices': [90, 102]}, {'screen_name': 'LinkedIn', 'name': 'LinkedIn', 'id': 13058772, 'id_str': '13058772', 'indices': [106, 115]}]",,2,,,
70,0,How much money should you raise? What are the attributes of an A+ founding team? What are the ‚Äòtells‚Äô of good Founder-VC fit? We partnered with @ReidHoffman to share the fundraising advice he‚Äôs picked up as a partner @GreylockVC and cofounder @LinkedIn https://t.co/9lvorre3q0,"[{'screen_name': 'reidhoffman', 'name': 'Reid Hoffman', 'id': 10078, 'id_str': '10078', 'indices': [144, 156]}, {'screen_name': 'GreylockVC', 'name': 'Greylock Partners', 'id': 41003633, 'id_str': '41003633', 'indices': [217, 228]}, {'screen_name': 'LinkedIn', 'name': 'LinkedIn', 'id': 13058772, 'id_str': '13058772', 'indices': [243, 252]}]",,2,,,
71,0,"Professor Peter Cappelli's latest @LinkedIn article explores an @IBM report he co-authored on the company's survey of more than 2,000 CHROs from around the world that examines how #CEOs #CHROs view the future differently https://t.co/XK73Y6A5Oq #humanresources","[{'screen_name': 'LinkedIn', 'name': 'LinkedIn', 'id': 13058772, 'id_str': '13058772', 'indices': [34, 43]}, {'screen_name': 'IBM', 'name': 'IBM', 'id': 18994444, 'id_str': '18994444', 'indices': [64, 68]}]",,2,,,
72,0,"A huge THANK YOU to our friends at @LinkedIn and our host @halverk for a great platform immersion session. Also, to ALL the team for such great questions - keep them coming!! https://t.co/NvMGbM0xJd","[{'screen_name': 'LinkedIn', 'name': 'LinkedIn', 'id': 13058772, 'id_str': '13058772', 'indices': [35, 44]}, {'screen_name': 'halverk', 'name': 'Katja Halverson', 'id': 24327610, 'id_str': '24327610', 'indices': [58, 66]}]",,2,,,
73,0,Companies are getting new data from @LinkedIn. Talent Insights provides detailed reports on talent pool skills and other characteristics ... for an undisclosed fee https://t.co/epVr14D20J #employment,"[{'screen_name': 'LinkedIn', 'name': 'LinkedIn', 'id': 13058772, 'id_str': '13058772', 'indices': [36, 45]}]",,2,,,
74,0,"""Selling to C-Level Executives - Podcast"" https://t.co/eD0rEd2LDl by @marksasmith on @LinkedIn #salestip #SellingDisruption","[{'screen_name': 'marksasmith', 'name': 'Mark S A Smith', 'id': 40930985, 'id_str': '40930985', 'indices': [69, 81]}, {'screen_name': 'LinkedIn', 'name': 'LinkedIn', 'id': 13058772, 'id_str': '13058772', 'indices': [85, 94]}]",,2,,,
75,0,"#Chicago #Asset #Available!
See my @LinkedIn
Profile!
https://t.co/E7Xf6EPf0e","[{'screen_name': 'LinkedIn', 'name': 'LinkedIn', 'id': 13058772, 'id_str': '13058772', 'indices': [35, 44]}]",,2,,,
76,0,15 #keyaccountmanagement Influencers on @LinkedIn https://t.co/T6KBqrYmho,"[{'screen_name': 'LinkedIn', 'name': 'LinkedIn', 'id': 13058772, 'id_str': '13058772', 'indices': [40, 49]}]",,2,,,
77,0,"My genius colleagues invented this amazing new drinking game, it's called #DrinkedIn
Rules: go through your coworkers' @LinkedIn accounts. Everytime someone grossly overstates their role/responsibility have a shot. Bonus: ""Head of"", ""GM"", ""Ninja"", ""Hacker"" count double.","[{'screen_name': 'LinkedIn', 'name': 'LinkedIn', 'id': 13058772, 'id_str': '13058772', 'indices': [119, 128]}]",,2,,,
78,0,Check out my new piece on @LinkedIn #Empowerment #Wisdom #Leadership #LinkedIn https://t.co/kGms2exK4m,"[{'screen_name': 'LinkedIn', 'name': 'LinkedIn', 'id': 13058772, 'id_str': '13058772', 'indices': [26, 35]}]",,2,,,
79,0,Look what just arrived. I cant wait to read up about story telling and content marketing. Thanks @LinkedIn #marketing #business #technology #socialmedia #education #linkedin #digitalmarketing #contentmarketing #knowledge https://t.co/ypqz0BYE2m,"[{'screen_name': 'LinkedIn', 'name': 'LinkedIn', 'id': 13058772, 'id_str': '13058772', 'indices': [97, 106]}]",,2,,,
80,0,You need @TimSackett on that wall: Your Weekly Dose of HR Tech: @LinkedIn Talent Insights ‚Äì LI's newest product! https://t.co/kGFwQfF6Mn,"[{'screen_name': 'TimSackett', 'name': 'Tim Sackett SCP,SPHR', 'id': 19343643, 'id_str': '19343643', 'indices': [9, 20]}, {'screen_name': 'LinkedIn', 'name': 'LinkedIn', 'id': 13058772, 'id_str': '13058772', 'indices': [64, 73]}]",,2,,,
81,0,New LinkedIn Features in Office 365 Help You Build Relationships and Better Collaborate https://t.co/AEBRIq2WfC via @LinkedIn,"[{'screen_name': 'LinkedIn', 'name': 'LinkedIn', 'id': 13058772, 'id_str': '13058772', 'indices': [116, 125]}]",,2,,,
82,0,#BigData Helps You Use @LinkedIn Sponsored Content Competitively.  (SmartData Collective)  https://t.co/kuK9gr7zLt https://t.co/NIQxqBMwZx,"[{'screen_name': 'LinkedIn', 'name': 'LinkedIn', 'id': 13058772, 'id_str': '13058772', 'indices': [23, 32]}]",,2,,,
83,0,Are you starting a #business #transformation? Got a premium @linkedin account? Then check out my training course for leading #businessagility https://t.co/fJMa7BIM86 https://t.co/RMl4ooujdR,"[{'screen_name': 'LinkedIn', 'name': 'LinkedIn', 'id': 13058772, 'id_str': '13058772', 'indices': [60, 69]}]",,2,,,
84,0,New LinkedIn Features in Office 365 Help You Build Relationships and Better Collaborate https://t.co/QXiXODwutS via @LinkedIn,"[{'screen_name': 'LinkedIn', 'name': 'LinkedIn', 'id': 13058772, 'id_str': '13058772', 'indices': [116, 125]}]",,2,,,
85,1,"Hey @LinkedIn , I just got an offer from your site to get free premium access for a month but when I signed up, it deducted $29.99 from my #Paypal !! 
Are you guys scamming people ? Cancel it and refund me my money !! https://t.co/TSn5isCDSl","[{'screen_name': 'LinkedIn', 'name': 'LinkedIn', 'id': 13058772, 'id_str': '13058772', 'indices': [4, 13]}]",,2,,,
86,0,New LinkedIn Features in Office 365 Help You Build Relationships and Better Collaborate „ÉÑ #linkedin #microsoft #office https://t.co/nNeti1i0Mx via @LinkedIn,"[{'screen_name': 'LinkedIn', 'name': 'LinkedIn', 'id': 13058772, 'id_str': '13058772', 'indices': [147, 156]}]",,2,,,
87,0,"Funktioniert eigentlich ein #Hashtag in einem Postingbeitrag auf @LinkedIn? Bei mir sind diese jeweils NIE klickbar, im Unterschied zu den Verlinkungen. Was meint die #LinkedIn-Expertin @EricaKessler1 ? ;-)","[{'screen_name': 'LinkedIn', 'name': 'LinkedIn', 'id': 13058772, 'id_str': '13058772', 'indices': [65, 74]}, {'screen_name': 'EricaKessler1', 'name': 'Erica Kessler', 'id': 1131015584, 'id_str': '1131015584', 'indices': [186, 200]}]",,2,,,
88,0,"I'm reading a how to create content for @LinkedIn Company Pages. These are the key takeaways. 

Post 3-4 times a day.  Be clickbaity. https://t.co/MjFhTwED8u","[{'screen_name': 'LinkedIn', 'name': 'LinkedIn', 'id': 13058772, 'id_str': '13058772', 'indices': [40, 49]}]",,2,,,
89,0,There should be an option of ‚ÄúTax Payer‚Äù on all #socialmedia platforms for users. #justsaying @facebook @Twitter @instagram @Snapchat #social @narendramodi @PMOIndia @LinkedIn,"[{'screen_name': 'facebook', 'name': 'Facebook', 'id': 2425151, 'id_str': '2425151', 'indices': [94, 103]}, {'screen_name': 'Twitter', 'name': 'Twitter', 'id': 783214, 'id_str': '783214', 'indices': [104, 112]}, {'screen_name': 'instagram', 'name': 'Instagram', 'id': 180505807, 'id_str': '180505807', 'indices': [113, 123]}, {'screen_name': 'Snapchat', 'name': 'Snapchat', 'id': 376502929, 'id_str': '376502929', 'indices': [124, 133]}, {'screen_name': 'narendramodi', 'name': 'Narendra Modi', 'id': 18839785, 'id_str': '18839785', 'indices': [142, 155]}, {'screen_name': 'PMOIndia', 'name': 'PMO India', 'id': 471741741, 'id_str': '471741741', 'indices': [156, 165]}, {'screen_name': 'LinkedIn', 'name': 'LinkedIn', 'id': 13058772, 'id_str': '13058772', 'indices': [166, 175]}]",,2,,,
90,0,"Enjoyable &amp; #informative day at yesterday‚Äôs @LinkedIn Masterclass! Thanks to speaker @Neilsimpson and hosts @Opus4FitOut 

#software #technologies #communications #knowledge #professional #networking https://t.co/2eKiYczzrs","[{'screen_name': 'LinkedIn', 'name': 'LinkedIn', 'id': 13058772, 'id_str': '13058772', 'indices': [48, 57]}, {'screen_name': 'Neilsimpson', 'name': 'Neilsimpson', 'id': 15145088, 'id_str': '15145088', 'indices': [89, 101]}, {'screen_name': 'Opus4FitOut', 'name': 'Opus 4', 'id': 1376895516, 'id_str': '1376895516', 'indices': [112, 124]}]",,2,,,
91,,Hiring rate falls in Chicago according to @LinkedIn jobs report. Here s what people are saying @illinoispolicy https://t.co/2NHn5jED7X,"[{'screen_name': 'LinkedIn', 'name': 'LinkedIn', 'id': 13058772, 'id_str': '13058772', 'indices': [42, 51]}, {'screen_name': 'illinoispolicy', 'name': 'Illinois Policy', 'id': 21323251, 'id_str': '21323251', 'indices': [95, 110]}]",,2,,,
92,,"Enjoy more insights from @LinkedIn's Head of Global Diversity, Inclusion &amp; Belonging + key takeaways from our 2018 D&amp;I survey in the 2018 State of D&amp;I report &gt;&gt; https://t.co/4Lfohk7TSi #DiversityAndInclusion #Leadership https://t.co/eHENzi6g9s","[{'screen_name': 'LinkedIn', 'name': 'LinkedIn', 'id': 13058772, 'id_str': '13058772', 'indices': [25, 34]}]",,2,,,
93,,"LinkedIn now has more than 500 million users - you may be missing an opportunity if you aren't including it in your PR initiatives:

Are you making the most of LinkedIn for PR? Here are 5 ways to get started 
https://t.co/wTfbMWVWva @LinkedIn 
#PR #publicrelations #publicity https://t.co/Qj7DpQhgZd","[{'screen_name': 'LinkedIn', 'name': 'LinkedIn', 'id': 13058772, 'id_str': '13058772', 'indices': [233, 242]}]",,2,,,
94,,"@""Next outlines Brexit plans, MPs to bailout ¬£335m NHS hospital after Carillion collapse, and more top news"" https://t.co/YlAEFLtqPb on @LinkedIn","[{'screen_name': 'LinkedIn', 'name': 'LinkedIn', 'id': 13058772, 'id_str': '13058772', 'indices': [136, 145]}]",,2,,,
95,,#SocialSelling a trav√©s de @LinkedIn : gu√≠a b√°sica‚û° https://t.co/MyVQkbUbFt https://t.co/bJamfy2NdN,"[{'screen_name': 'LinkedIn', 'name': 'LinkedIn', 'id': 13058772, 'id_str': '13058772', 'indices': [27, 36]}]",,2,,,
96,,#SocialSelling a trav√©s de @LinkedIn : gu√≠a b√°sica‚û° https://t.co/4tmSSIMtYu https://t.co/9911n6Xq4s,"[{'screen_name': 'LinkedIn', 'name': 'LinkedIn', 'id': 13058772, 'id_str': '13058772', 'indices': [27, 36]}]",,2,,,
97,,#SocialSelling a trav√©s de @LinkedIn : gu√≠a b√°sica‚û° https://t.co/DmovPF3jkd https://t.co/J4kqqVxC9d,"[{'screen_name': 'LinkedIn', 'name': 'LinkedIn', 'id': 13058772, 'id_str': '13058772', 'indices': [27, 36]}]",,2,,,
98,,How Content Marketing Benefits Ad Agency New Business https://t.co/7AX4oi6VQY  via @LinkedIn #ContentMarketing,"[{'screen_name': 'LinkedIn', 'name': 'LinkedIn', 'id': 13058772, 'id_str': '13058772', 'indices': [83, 92]}]",,2,,,
99,,"Whether the courses are online or in person, the following website helps employees develop their EQ, leadership, coding, management, and software skills.
#TipTuesday | #Learning | via @LinkedIn
https://t.co/0gWDjnBFOG","[{'screen_name': 'LinkedIn', 'name': 'LinkedIn', 'id': 13058772, 'id_str': '13058772', 'indices': [184, 193]}]",,2,,,
100,,"Hello everyone . Today i've came up with the new #infographic : so What's the Basic difference between #machinelearning and #artificialintelligence see my Github profile for more info on #machinelearning @github profile:https://t.co/NOEc8f500P
@LinkedIn :https://t.co/6u4W6t9K1L https://t.co/kUesW3MpW2","[{'screen_name': 'github', 'name': 'GitHub', 'id': 13334762, 'id_str': '13334762', 'indices': [204, 211]}, {'screen_name': 'LinkedIn', 'name': 'LinkedIn', 'id': 13058772, 'id_str': '13058772', 'indices': [244, 253]}]",,2,,,
101,,My entire feed on @LinkedIn is all about the @instagram founder split - wow!,"[{'screen_name': 'LinkedIn', 'name': 'LinkedIn', 'id': 13058772, 'id_str': '13058772', 'indices': [18, 27]}, {'screen_name': 'instagram', 'name': 'Instagram', 'id': 180505807, 'id_str': '180505807', 'indices': [45, 55]}]",,2,,,
102,,"Multifamily Update: Rents for the year hit a record high in August, up $2 to $1,412, marking an increase of 3.1% year-over-year. Commercial Property Executive reports:

- @InlandGroup @LinkedIn @CommunityPropertyExecutive #Multifamily #Rent 
https://t.co/w22adsDMx9 https://t.co/jEdXL3FxOM","[{'screen_name': 'InlandGroup', 'name': 'Inland Group', 'id': 52446216, 'id_str': '52446216', 'indices': [171, 183]}, {'screen_name': 'LinkedIn', 'name': 'LinkedIn', 'id': 13058772, 'id_str': '13058772', 'indices': [184, 193]}]",,2,,,
103,,"J'ai re√ßu 6 courriels de Spam ou phishing ou je ne sais quoi de @LinkedIn en 24 heures, me disant ""Hello you appeared in X search bla bla bla"" et quand je clique sur Unsuscribed √ßa m'am√®ne √† des publicit√©s pas rapport! *soupir*","[{'screen_name': 'LinkedIn', 'name': 'LinkedIn', 'id': 13058772, 'id_str': '13058772', 'indices': [64, 73]}]",,2,,,
104,,The Honest Cost of Bad Leadership | https://t.co/Q1URbTjWp1 (via @LinkedIn),"[{'screen_name': 'LinkedIn', 'name': 'LinkedIn', 'id': 13058772, 'id_str': '13058772', 'indices': [65, 74]}]",,2,,,
105,,"Our September gathering of #ux opps currently includes #design, #fed, #research, and #content roles at ‚Äî

@asana
@BoostedBoards
@coinbase
@Dropbox
@eBay
@github
@konradgroup
@LinkedIn
@MailChimp
@MonikerSF
@PayPal
@RGA
@Shopify
@Sonos
@squarespace
@Twitter
@WarbyParker
@workandco","[{'screen_name': 'asana', 'name': 'Asana', 'id': 202886242, 'id_str': '202886242', 'indices': [106, 112]}, {'screen_name': 'BoostedBoards', 'name': 'Boosted', 'id': 545821170, 'id_str': '545821170', 'indices': [113, 127]}, {'screen_name': 'coinbase', 'name': 'Coinbase', 'id': 574032254, 'id_str': '574032254', 'indices': [128, 137]}, {'screen_name': 'Dropbox', 'name': 'Dropbox', 'id': 14749606, 'id_str': '14749606', 'indices': [138, 146]}, {'screen_name': 'eBay', 'name': 'eBay', 'id': 19709040, 'id_str': '19709040', 'indices': [147, 152]}, {'screen_name': 'github', 'name': 'GitHub', 'id': 13334762, 'id_str': '13334762', 'indices': [153, 160]}, {'screen_name': 'konradgroup', 'name': 'Konrad Group', 'id': 89274412, 'id_str': '89274412', 'indices': [161, 173]}, {'screen_name': 'LinkedIn', 'name': 'LinkedIn', 'id': 13058772, 'id_str': '13058772', 'indices': [174, 183]}, {'screen_name': 'MailChimp', 'name': 'MailChimp', 'id': 14377870, 'id_str': '14377870', 'indices': [184, 194]}, {'screen_name': 'MonikerSF', 'name': 'Moniker SF', 'id': 582373805, 'id_str': '582373805', 'indices': [195, 205]}, {'screen_name': 'PayPal', 'name': 'PayPal', 'id': 30018058, 'id_str': '30018058', 'indices': [206, 213]}, {'screen_name': 'RGA', 'name': 'R/GA', 'id': 17023762, 'id_str': '17023762', 'indices': [214, 218]}, {'screen_name': 'Shopify', 'name': 'Shopify', 'id': 17136315, 'id_str': '17136315', 'indices': [219, 227]}, {'screen_name': 'Sonos', 'name': 'Sonos', 'id': 16727022, 'id_str': '16727022', 'indices': [228, 234]}, {'screen_name': 'squarespace', 'name': 'Squarespace', 'id': 14319981, 'id_str': '14319981', 'indices': [235, 247]}, {'screen_name': 'Twitter', 'name': 'Twitter', 'id': 783214, 'id_str': '783214', 'indices': [248, 256]}, {'screen_name': 'WarbyParker', 'name': 'Warby Parker', 'id': 77527412, 'id_str': '77527412', 'indices': [257, 269]}, {'screen_name': 'workandco', 'name': 'Work & Co', 'id': 1398529489, 'id_str': '1398529489', 'indices': [270, 280]}]",,2,,,
106,,"Today's #TCMSocialMediaFastFact

Information per @LinkedIn @kyleemarie27

Are you creating #LinkedIn videos? 

If not, you could be missing out on a great way to increase your online engagement.

#socialmedia https://t.co/pY4YeBn1L7","[{'screen_name': 'LinkedIn', 'name': 'LinkedIn', 'id': 13058772, 'id_str': '13058772', 'indices': [49, 58]}, {'screen_name': 'kyleemarie27', 'name': 'Kylee Lessard', 'id': 268980425, 'id_str': '268980425', 'indices': [59, 72]}]",,2,,,
107,,"#GHC18 tips: Opportunity is around every corner! You never know who you might meet while waiting in line for coffee, or who might be next to you at the keynote. Be open to opportunities to network and follow your new connections on @LinkedIn!","[{'screen_name': 'LinkedIn', 'name': 'LinkedIn', 'id': 13058772, 'id_str': '13058772', 'indices': [232, 241]}]",,2,,,
108,,"Despite the dreary weather on the East Coast, it's #BowTieTuesday &amp; that makes everything better! Another #BowTieTuesday first, this week's spotlight doesn't have a Twitter. Connect with him on @LinkedIn!

Luke Greeley

https://t.co/IsJfC9wNBM

#bowtiED

https://t.co/XbJXqij1Q8 https://t.co/Kfq598ts7F","[{'screen_name': 'LinkedIn', 'name': 'LinkedIn', 'id': 13058772, 'id_str': '13058772', 'indices': [198, 207]}]",,2,,,
109,,Get More Fans and Followers with #Livestories by @SusanGilbert on @LinkedIn - #smm https://t.co/plBQg7mruj,"[{'screen_name': 'SusanGilbert', 'name': 'Susan Gilbert', 'id': 17089843, 'id_str': '17089843', 'indices': [49, 62]}, {'screen_name': 'LinkedIn', 'name': 'LinkedIn', 'id': 13058772, 'id_str': '13058772', 'indices': [66, 75]}]",,2,,,
110,,"CoB Students: Do you want to build or enhance your @LinkedIn presence?  Per @SouthLaDoc‚Äôs  invitation,  join her class this Thursday! Thank you Dr. Rey for extending this opportunity to all students and thank you Ms. Simms for engaging with our students! https://t.co/UsetY6FfjQ","[{'screen_name': 'LinkedIn', 'name': 'LinkedIn', 'id': 13058772, 'id_str': '13058772', 'indices': [51, 60]}, {'screen_name': 'SouthLaDoc', 'name': 'Dr. Melanie Powell', 'id': 15737069, 'id_str': '15737069', 'indices': [76, 87]}]",,2,,,
111,,"""Digital Society and AI progress in 30 countries."" https://t.co/4l4c5HQony de @mcdonough_frank en @LinkedIn","[{'screen_name': 'mcdonough_frank', 'name': 'frank a. mcdonough', 'id': 927585830, 'id_str': '927585830', 'indices': [78, 94]}, {'screen_name': 'LinkedIn', 'name': 'LinkedIn', 'id': 13058772, 'id_str': '13058772', 'indices': [98, 107]}]",,2,,,
112,,Get More Fans and Followers with #Livestories by @SusanGilbert on @LinkedIn - #smm https://t.co/XXZPaUTunC,"[{'screen_name': 'SusanGilbert', 'name': 'Susan Gilbert', 'id': 17089843, 'id_str': '17089843', 'indices': [49, 62]}, {'screen_name': 'LinkedIn', 'name': 'LinkedIn', 'id': 13058772, 'id_str': '13058772', 'indices': [66, 75]}]",,2,,,
113,,"Have you heard about #NewOpsDays where the focus is on modern #Ops practices including #SRE. First one in San Jose, 10/10 with talks from @Disney and @Linkedin (its FREE).  More cities coming soon.  Brought to you by @Splunk, @Rundeck and @DEVOPSINST.   
https://t.co/g4li1C4mGf https://t.co/V2AYv37e24","[{'screen_name': 'Disney', 'name': 'Disney', 'id': 67418441, 'id_str': '67418441', 'indices': [138, 145]}, {'screen_name': 'LinkedIn', 'name': 'LinkedIn', 'id': 13058772, 'id_str': '13058772', 'indices': [150, 159]}, {'screen_name': 'splunk', 'name': 'Splunk', 'id': 12447792, 'id_str': '12447792', 'indices': [217, 224]}, {'screen_name': 'Rundeck', 'name': 'Rundeck', 'id': 224495436, 'id_str': '224495436', 'indices': [226, 234]}, {'screen_name': 'DEVOPSINST', 'name': 'DevOps Institute', 'id': 2831699765, 'id_str': '2831699765', 'indices': [239, 250]}]",,2,,,
114,,"The LinkedIn Workforce Report showed a slight decline in hiring in Detroit. See more insights into hiring trends, the skills gap and worker migration in the region.

- @LinkedIn | #Detroit #Workforce #Hiring #skillsgap #economy 
https://t.co/fypM5VRdEQ https://t.co/qHYdz3eSRw","[{'screen_name': 'LinkedIn', 'name': 'LinkedIn', 'id': 13058772, 'id_str': '13058772', 'indices': [168, 177]}]",,2,,,
115,,"If you want to know more about my previous industry experience, check out my @LinkedIn profile, let's connect! 

Click here üëâ https://t.co/oqee1uXnEn üëà

#restaurant #serviceengineer #cateringengineer #cateringspares #foodservice https://t.co/Bp7UAVxu1S","[{'screen_name': 'LinkedIn', 'name': 'LinkedIn', 'id': 13058772, 'id_str': '13058772', 'indices': [77, 86]}]",,2,,,
116,,"Me: Finalizes digital advertising instructions. Smiles, presses send. Checks inbox to see, ‚ÄúNew Feature‚Äù email from @LinkedIn. Panics, looks at document, which now needs an entirely new section. Sigh. Oh, the life of a social media marketer üò¨","[{'screen_name': 'LinkedIn', 'name': 'LinkedIn', 'id': 13058772, 'id_str': '13058772', 'indices': [116, 125]}]",,2,,,
117,,"Retrouvez mon actualit√© parlementaire et professionnelle sur @LinkedIn https://t.co/vE6Huz8HyP
J'auditionne cet apr√®s-midi des repr√©sentants des Comit√©s professionnels de d√©veloppement √©conomique pour mon rapport sur le budget du com. ext√©rieur
cc @Republicains_An @AssembleeNat","[{'screen_name': 'LinkedIn', 'name': 'LinkedIn', 'id': 13058772, 'id_str': '13058772', 'indices': [61, 70]}, {'screen_name': 'Republicains_An', 'name': 'Les R√©publicains An', 'id': 2881158561, 'id_str': '2881158561', 'indices': [248, 264]}, {'screen_name': 'AssembleeNat', 'name': 'Assembl√©e nationale', 'id': 242694507, 'id_str': '242694507', 'indices': [265, 278]}]",,2,,,
118,,"We are now up and running on @LinkedIn (it's about time, we know). Search for 'Onefish Comms' on Linked In or tap just here https://t.co/h1TdFWmkx6 #adult2adult","[{'screen_name': 'LinkedIn', 'name': 'LinkedIn', 'id': 13058772, 'id_str': '13058772', 'indices': [29, 38]}]",,2,,,
119,,".@LinkedIn's Talent Insights shows an impressive amount of power brought to bear through a simple, logical interface. #HR #Recruiting https://t.co/I8JgXyOsxv","[{'screen_name': 'LinkedIn', 'name': 'LinkedIn', 'id': 13058772, 'id_str': '13058772', 'indices': [1, 10]}]",,2,,,
120,,At The @TimSackett Project: Your Weekly Dose of HR Tech: @LinkedIn Talent Insights ‚Äì LI's newest product! https://t.co/HnpEBep7Pi,"[{'screen_name': 'TimSackett', 'name': 'Tim Sackett SCP,SPHR', 'id': 19343643, 'id_str': '19343643', 'indices': [7, 18]}, {'screen_name': 'LinkedIn', 'name': 'LinkedIn', 'id': 13058772, 'id_str': '13058772', 'indices': [57, 66]}]",,2,,,
121,,New LinkedIn Features in Office 365 Help You Build Relationships and Better Collaborate https://t.co/OzTRAyhpT8 via @LinkedIn,"[{'screen_name': 'LinkedIn', 'name': 'LinkedIn', 'id': 13058772, 'id_str': '13058772', 'indices': [116, 125]}]",,2,,,
122,,My favorite part about being a member of @LinkedIn is receiving unsolicited phone calls from people who don't understand my work asking if I'm interested in jobs I'm not qualified for,"[{'screen_name': 'LinkedIn', 'name': 'LinkedIn', 'id': 13058772, 'id_str': '13058772', 'indices': [41, 50]}]",,2,,,
123,,"""CLEAN SHOPPING CENTERS MATTER"" https://t.co/D10ubeITN4 by @ruckerdoug on @LinkedIn","[{'screen_name': 'RuckerDoug', 'name': 'Doug Rucker', 'id': 983764579, 'id_str': '983764579', 'indices': [59, 70]}, {'screen_name': 'LinkedIn', 'name': 'LinkedIn', 'id': 13058772, 'id_str': '13058772', 'indices': [74, 83]}]",,2,,,
124,,LinkedIn presenta Talent Insights en Mexico https://t.co/bBKw4QalAt @LinkedIn,"[{'screen_name': 'LinkedIn', 'name': 'LinkedIn', 'id': 13058772, 'id_str': '13058772', 'indices': [68, 77]}]",,2,,,
125,,"Our own Bob Brunkow, Sherry Nebel and Marcia Steele Hoover sharing experience and insider tips with @MurrowCollege @WSUVancouver students about how to succeed in their future #stratcom career! (Hint:@LinkedIn is your powerful, connected friend.) #MurrowInAction https://t.co/oFTMUuNYBU","[{'screen_name': 'MurrowCollege', 'name': 'Murrow College WSU', 'id': 21070858, 'id_str': '21070858', 'indices': [100, 114]}, {'screen_name': 'WSUVancouver', 'name': 'WSU Vancouver', 'id': 18030695, 'id_str': '18030695', 'indices': [115, 128]}, {'screen_name': 'LinkedIn', 'name': 'LinkedIn', 'id': 13058772, 'id_str': '13058772', 'indices': [199, 208]}]",,2,,,
126,,Hi @LinkedInHelp @LinkedIn! My messages aren‚Äôt loading on a desktop or through the app. Is there an ETA for when this will be corrected? I am getting email notifications but that‚Äôs about it! Thank you for the help! https://t.co/G1jW9saeEn,"[{'screen_name': 'LinkedInHelp', 'name': 'LinkedIn Help', 'id': 252792134, 'id_str': '252792134', 'indices': [3, 16]}, {'screen_name': 'LinkedIn', 'name': 'LinkedIn', 'id': 13058772, 'id_str': '13058772', 'indices': [17, 26]}]",,2,,,
127,,"All job providing operators are just fake,they are just making fools to all @Naukri @timesjobsdotcom @ShineJob @LinkedIn","[{'screen_name': 'Naukri', 'name': 'Naukri', 'id': 15956894, 'id_str': '15956894', 'indices': [76, 83]}, {'screen_name': 'timesjobsdotcom', 'name': 'TimesJobs', 'id': 24204657, 'id_str': '24204657', 'indices': [84, 100]}, {'screen_name': 'ShineJob', 'name': 'Lil ShineJobüï∂Ô∏è', 'id': 1050455592, 'id_str': '1050455592', 'indices': [101, 110]}, {'screen_name': 'LinkedIn', 'name': 'LinkedIn', 'id': 13058772, 'id_str': '13058772', 'indices': [111, 120]}]",,2,,,
128,,"According to @JillPante of @UDLernerCollege career services, @LinkedIn is definitely worth your time when you devote consistent energy to using it proactively! https://t.co/s2YoOWDkTt","[{'screen_name': 'JillPante', 'name': 'Jill Gugino Pante', 'id': 378701293, 'id_str': '378701293', 'indices': [13, 23]}, {'screen_name': 'UDLernerCollege', 'name': 'Lerner College', 'id': 704411305747283969, 'id_str': '704411305747283969', 'indices': [27, 43]}, {'screen_name': 'LinkedIn', 'name': 'LinkedIn', 'id': 13058772, 'id_str': '13058772', 'indices': [61, 70]}]",,2,,,
129,,#SMM - 5 Key Habits Of Successful #SocialMedia Managers https://t.co/RGVMPrvctC on @linkedin by @tonyrestell https://t.co/I7Hu5v57v7,"[{'screen_name': 'LinkedIn', 'name': 'LinkedIn', 'id': 13058772, 'id_str': '13058772', 'indices': [83, 92]}, {'screen_name': 'tonyrestell', 'name': 'Tony Restell', 'id': 20781546, 'id_str': '20781546', 'indices': [96, 108]}]",,2,,,
130,,"@""Multiple sclerosis, a treatable disease"" https://t.co/KiwYLPnuaJ on @LinkedIn","[{'screen_name': 'LinkedIn', 'name': 'LinkedIn', 'id': 13058772, 'id_str': '13058772', 'indices': [70, 79]}]",,2,,,
131,,"So after spending hundreds of pounds for @linkedin sales navigator, I‚Äôm now suddenly unable to see profiles and told there‚Äôs another level to upgrade to!? 

So disappointed in Linkedin and will certainly begin looking for an alternative data source","[{'screen_name': 'LinkedIn', 'name': 'LinkedIn', 'id': 13058772, 'id_str': '13058772', 'indices': [41, 50]}]",,2,,,
132,,"ü§ñ @LinkedIn co-founder @reidhoffman establishes a new chair to study what AI means for humanity at @UofT‚Äôs @iSchoolToronto. https://t.co/l7NHgHrsAq 

#ischool #linkedin #uoft #uoftalumni","[{'screen_name': 'LinkedIn', 'name': 'LinkedIn', 'id': 13058772, 'id_str': '13058772', 'indices': [2, 11]}, {'screen_name': 'reidhoffman', 'name': 'Reid Hoffman', 'id': 10078, 'id_str': '10078', 'indices': [23, 35]}, {'screen_name': 'UofT', 'name': 'University of Toronto', 'id': 821814254, 'id_str': '821814254', 'indices': [99, 104]}]",,2,,,
133,,It's Not Rocket Science It's @TimSackett Your Weekly Dose of HR Tech: @LinkedIn Talent Insights ‚Äì LI's newest product! https://t.co/XZwVjpPxwN,"[{'screen_name': 'TimSackett', 'name': 'Tim Sackett SCP,SPHR', 'id': 19343643, 'id_str': '19343643', 'indices': [29, 40]}, {'screen_name': 'LinkedIn', 'name': 'LinkedIn', 'id': 13058772, 'id_str': '13058772', 'indices': [70, 79]}]",,2,,,
134,,¬øC√≥mo aprovechar mejor @LinkedIn? ‚Üí https://t.co/0YWqabY8WD https://t.co/RJ8bHydDJ7,"[{'screen_name': 'LinkedIn', 'name': 'LinkedIn', 'id': 13058772, 'id_str': '13058772', 'indices': [23, 32]}]",,2,,,
135,,Happy #TransitWeek! Thanking riders with my new @LinkedIn friends! Happy to report @sfmta_muni‚Äôs #LTaraval got me here on time. https://t.co/UpNfgX8ned,"[{'screen_name': 'LinkedIn', 'name': 'LinkedIn', 'id': 13058772, 'id_str': '13058772', 'indices': [48, 57]}, {'screen_name': 'sfmta_muni', 'name': 'SFMTA', 'id': 109702390, 'id_str': '109702390', 'indices': [83, 94]}]",,2,,,
136,,What .@TimSackett says: Your Weekly Dose of HR Tech: @LinkedIn Talent Insights ‚Äì LI‚Äôs newest product! https://t.co/lMsukiFW6O https://t.co/zKQyEJc7Fd,"[{'screen_name': 'TimSackett', 'name': 'Tim Sackett SCP,SPHR', 'id': 19343643, 'id_str': '19343643', 'indices': [6, 17]}, {'screen_name': 'LinkedIn', 'name': 'LinkedIn', 'id': 13058772, 'id_str': '13058772', 'indices': [53, 62]}]",,2,,,
137,,".@LinkedIn's tips for creating more meaningful thought leadership pieces üí≠

https://t.co/DAkNxyghZy via @TheDrum","[{'screen_name': 'LinkedIn', 'name': 'LinkedIn', 'id': 13058772, 'id_str': '13058772', 'indices': [1, 10]}, {'screen_name': 'TheDrum', 'name': 'The Drum', 'id': 20758087, 'id_str': '20758087', 'indices': [104, 112]}]",,2,,,
138,,"""The Rise of Talent Intelligence: People Analytics Accelerates"" https://t.co/NUsa3OGHrP by @Josh_Bersin on @LinkedIn","[{'screen_name': 'Josh_Bersin', 'name': 'Josh Bersin', 'id': 14211474, 'id_str': '14211474', 'indices': [91, 103]}, {'screen_name': 'LinkedIn', 'name': 'LinkedIn', 'id': 13058772, 'id_str': '13058772', 'indices': [107, 116]}]",,2,,,
139,,"Bad bosses lock people into pigeon holes. 
Great bosses unlock's people full potential. 
Agree ? 

- Oleg Vishnepolsky @LinkedIn | #Management #Leader #Boss 
https://t.co/YIy3Hhxh2C","[{'screen_name': 'LinkedIn', 'name': 'LinkedIn', 'id': 13058772, 'id_str': '13058772', 'indices': [119, 128]}]",,2,,,
140,,"Check out our #BrandNew @LinkedIn page...

https://t.co/e9VBrFn1pg","[{'screen_name': 'LinkedIn', 'name': 'LinkedIn', 'id': 13058772, 'id_str': '13058772', 'indices': [24, 33]}]",,2,,,
141,,Dear @LinkedIn my name is not Dominic. You are worse than @Starbucks! Please stop spamming me!,"[{'screen_name': 'LinkedIn', 'name': 'LinkedIn', 'id': 13058772, 'id_str': '13058772', 'indices': [5, 14]}, {'screen_name': 'Starbucks', 'name': 'Starbucks Coffee', 'id': 30973, 'id_str': '30973', 'indices': [58, 68]}]",,2,,,
142,,"'The typical 'bad #boss' spends their time directing and monitoring #employees rather than empowering them. Micromanaging is oppressive, fosters anxiety and creates a high stress work environment.' https://t.co/arJtUUJWLN via @LinkedIn","[{'screen_name': 'LinkedIn', 'name': 'LinkedIn', 'id': 13058772, 'id_str': '13058772', 'indices': [226, 235]}]",,2,,,
143,,I deleted @LinkedIn from my phone because it‚Äôs effing worthless and the notifications are trash. I highly recommend the purge.,"[{'screen_name': 'LinkedIn', 'name': 'LinkedIn', 'id': 13058772, 'id_str': '13058772', 'indices': [10, 19]}]",,2,,,
144,,"""Pride In The City and what it means to me"" https://t.co/mf7u7M4uAb by @pjbar1 on @LinkedIn","[{'screen_name': 'pjbar1', 'name': 'Paul Barwick', 'id': 315157484, 'id_str': '315157484', 'indices': [71, 78]}, {'screen_name': 'LinkedIn', 'name': 'LinkedIn', 'id': 13058772, 'id_str': '13058772', 'indices': [82, 91]}]",,2,,,
145,,Ja ens segueixes a @LinkedIn? #fpo #fpo_continua #ocupaciocat #treballcat https://t.co/K9o7O8cQEs,"[{'screen_name': 'LinkedIn', 'name': 'LinkedIn', 'id': 13058772, 'id_str': '13058772', 'indices': [19, 28]}]",,2,,,
146,,"Offending just one customer has a trickle down effect that could be hazardous. @JasonMillerCA head of content, @Linkedin sales and marketing solutions EMEA, explains why brands should take risks but be constantly aware of how they are perceived. Via @HotTopicsHT 
#HTQuote https://t.co/0rBdyk672Q","[{'screen_name': 'JasonMillerCA', 'name': 'Jason A Miller', 'id': 38329264, 'id_str': '38329264', 'indices': [79, 93]}, {'screen_name': 'LinkedIn', 'name': 'LinkedIn', 'id': 13058772, 'id_str': '13058772', 'indices': [111, 120]}, {'screen_name': 'HotTopicsHT', 'name': 'HotTopics.ht', 'id': 484869218, 'id_str': '484869218', 'indices': [250, 262]}]",,2,,,
147,,The ‚ÄúPeople you may know‚Äù section on @LinkedIn is great. Shows you people you knew at Uni looking smart with job titles like ‚ÄòSustainability &amp, Environment Director‚Äô &amp, I‚Äôm just here like dude I once saw fall down a flight of stairs &amp, vomit in your own hair. You ain‚Äôt fooling me.,"[{'screen_name': 'LinkedIn', 'name': 'LinkedIn', 'id': 13058772, 'id_str': '13058772', 'indices': [37, 46]}]",,2
148,,"I have rage towards you, @LinkedIn 

Let‚Äôs talk about it.","[{'screen_name': 'LinkedIn', 'name': 'LinkedIn', 'id': 13058772, 'id_str': '13058772', 'indices': [25, 34]}]",,2,,,
149,,"While technology can encompass and promote values of creativity, innovation, health, and safety, it is important to recognize that tech can go from being beneficial to disruptive https://t.co/kGHpIFsaeH via @LinkedIn and our president/CEO @GaryShapiro https://t.co/fsJnoMWlyq","[{'screen_name': 'LinkedIn', 'name': 'LinkedIn', 'id': 13058772, 'id_str': '13058772', 'indices': [207, 216]}, {'screen_name': 'GaryShapiro', 'name': 'Gary Shapiro', 'id': 18695891, 'id_str': '18695891', 'indices': [239, 251]}]",,2,,,
150,,"Na @LinkedIn wciƒÖ≈º rozwija siƒô grupa kontakt√≥w. Cieszƒô siƒô, ≈ºe tylu Was przybywa. üë•üôÇ","[{'screen_name': 'LinkedIn', 'name': 'LinkedIn', 'id': 13058772, 'id_str': '13058772', 'indices': [3, 12]}]",,2,,,
151,,Your Weekly Dose of HR Tech: @LinkedIn Talent Insights ‚Äì LI‚Äôs newest product! https://t.co/RQCnPia7I1,"[{'screen_name': 'LinkedIn', 'name': 'LinkedIn', 'id': 13058772, 'id_str': '13058772', 'indices': [29, 38]}]",,2,,,
152,,"""Can You Be an Angel Investor? The Answer May Surprise You"" by @LarryBoyer on @LinkedIn https://t.co/wHLtEMWOb2 #fpb","[{'screen_name': 'LarryBoyer', 'name': 'Larry Boyer', 'id': 18467759, 'id_str': '18467759', 'indices': [63, 74]}, {'screen_name': 'LinkedIn', 'name': 'LinkedIn', 'id': 13058772, 'id_str': '13058772', 'indices': [78, 87]}]",,2,,,
153,,Connect with me on @LinkedIn https://t.co/UdiVBhgGWC I‚Äôd love to offer my @salesforce consulting services as a donation to your #nonprofit #TECHFORGOOD @LinkedIn4Good  #DF18 #Dreamforce,"[{'screen_name': 'LinkedIn', 'name': 'LinkedIn', 'id': 13058772, 'id_str': '13058772', 'indices': [19, 28]}, {'screen_name': 'salesforce', 'name': 'Salesforce', 'id': 33612317, 'id_str': '33612317', 'indices': [74, 85]}, {'screen_name': 'LinkedIn4Good', 'name': 'LinkedIn for Good', 'id': 369063212, 'id_str': '369063212', 'indices': [152, 166]}]",,2,,,
154,,"You can also catch us on @LinkedIn. Check us out and see what else we have been up to!

#Architecture 

https://t.co/5nOIaH1jp3 https://t.co/2A02aUacKp","[{'screen_name': 'LinkedIn', 'name': 'LinkedIn', 'id': 13058772, 'id_str': '13058772', 'indices': [25, 34]}]",,2,,,
155,,Nine Dimensions for Excellence in People Analytics https://t.co/YlXTrdX2aP by @jaferrar on @LinkedIn #peopleanalytics #hranalytics,"[{'screen_name': 'jaferrar', 'name': 'Jonathan Ferrar', 'id': 376782305, 'id_str': '376782305', 'indices': [78, 87]}, {'screen_name': 'LinkedIn', 'name': 'LinkedIn', 'id': 13058772, 'id_str': '13058772', 'indices': [91, 100]}]",,2,,,
156,,". @Microsoft i @LinkedIn ara m√©s units amb integracions d‚Äôinformaci√≥ dels contactes al correu electr√≤nic entre d‚Äôaltres.

üì© Microsoft integra m√°s funciones de LinkedIn en Outlook https://t.co/DLminAPGE8 v√≠a @TreceBits
#contacts","[{'screen_name': 'Microsoft', 'name': 'Microsoft', 'id': 74286565, 'id_str': '74286565', 'indices': [2, 12]}, {'screen_name': 'LinkedIn', 'name': 'LinkedIn', 'id': 13058772, 'id_str': '13058772', 'indices': [15, 24]}, {'screen_name': 'TreceBits', 'name': 'Manuel Moreno', 'id': 54235549, 'id_str': '54235549', 'indices': [207, 217]}]",,2,,,
157,,"I'm sort of disappointed that I can't hire Julia... I don't know what she does, but I feel like we need her. @youtube @LinkedIn","[{'screen_name': 'YouTube', 'name': 'YouTube', 'id': 10228272, 'id_str': '10228272', 'indices': [109, 117]}, {'screen_name': 'LinkedIn', 'name': 'LinkedIn', 'id': 13058772, 'id_str': '13058772', 'indices': [118, 127]}]",,2,,,
158,,".@LinkedIn officially launched Talent Insights this morning, making available its first self-service #analytics product. #HR #Recruiting https://t.co/tWL6XvGCxi","[{'screen_name': 'LinkedIn', 'name': 'LinkedIn', 'id': 13058772, 'id_str': '13058772', 'indices': [1, 10]}]",,2,,,
159,,Thanks @LinkedIn for supporting #TransitWeek! Come see us at 2nd/Howard! https://t.co/yUC3jzsUAl,"[{'screen_name': 'LinkedIn', 'name': 'LinkedIn', 'id': 13058772, 'id_str': '13058772', 'indices': [7, 16]}]",,2,,,
160,,"""How To Improve Yourself In The Next 6 Months With Very Little Effort."" https://t.co/jjgnxci4fi by @Tim_Denning on @LinkedIn","[{'screen_name': 'Tim_Denning', 'name': 'Tim Denning', 'id': 22765001, 'id_str': '22765001', 'indices': [99, 111]}, {'screen_name': 'LinkedIn', 'name': 'LinkedIn', 'id': 13058772, 'id_str': '13058772', 'indices': [115, 124]}]",,2,,,
161,,Looking for #MachineLearning experts?  @LinkedIn data shows how to find them.  (ZDNet)  #ML  #Careers  https://t.co/wqSr1ACoIQ https://t.co/9cyxfWoCiV,"[{'screen_name': 'LinkedIn', 'name': 'LinkedIn', 'id': 13058772, 'id_str': '13058772', 'indices': [39, 48]}]",,2,,,
162,,#CM #socialmedia #MarketingDigital  https://t.co/EMRigtL8CY on @LinkedIn,"[{'screen_name': 'LinkedIn', 'name': 'LinkedIn', 'id': 13058772, 'id_str': '13058772', 'indices': [63, 72]}]",,2,,,
163,,"""Your Dream - Real, Chase or Regret?"" https://t.co/86ZlPgSZbA by @PassionateGoal on @LinkedIn","[{'screen_name': 'PassionateGoal', 'name': 'Johan Speksnijder', 'id': 936627266750214144, 'id_str': '936627266750214144', 'indices': [65, 80]}, {'screen_name': 'LinkedIn', 'name': 'LinkedIn', 'id': 13058772, 'id_str': '13058772', 'indices': [84, 93]}]",,2,,,
164,,"Finally, @LinkedIn releases #TalentInsights, a #businessintelligence tool to help companies better assess their #talent. 
#recruiting
#BI
#AI
 
https://t.co/fhJzmAQH9L","[{'screen_name': 'LinkedIn', 'name': 'LinkedIn', 'id': 13058772, 'id_str': '13058772', 'indices': [9, 18]}]",,2,,,
165,,"""9 Principles of Restorative Discipline in Schools Introduction"" https://t.co/QjbVYasBaY by @mmcknight32 on @LinkedIn","[{'screen_name': 'mmcknight32', 'name': 'Michael McKnight', 'id': 526731350, 'id_str': '526731350', 'indices': [92, 104]}, {'screen_name': 'LinkedIn', 'name': 'LinkedIn', 'id': 13058772, 'id_str': '13058772', 'indices': [108, 117]}]",,2,,,
166,,"""Teachers- Your Words Matter"" https://t.co/xC2sORG60p by @mmcknight32 on @LinkedIn","[{'screen_name': 'mmcknight32', 'name': 'Michael McKnight', 'id': 526731350, 'id_str': '526731350', 'indices': [57, 69]}, {'screen_name': 'LinkedIn', 'name': 'LinkedIn', 'id': 13058772, 'id_str': '13058772', 'indices': [73, 82]}]",,2,,,
167,,"Social Selling Tip #186: ""Write @LinkedIn statu  updates of  1000 characters (which is approximately 250-300 words).  make one or two sentence paragraphs"" #sales #socialselling #content https://t.co/oWxwyIlcEd","[{'screen_name': 'LinkedIn', 'name': 'LinkedIn', 'id': 13058772, 'id_str': '13058772', 'indices': [32, 41]}]",,2,,,
168,,Your Weekly Dose of HR Tech: @LinkedIn Talent Insights ‚Äì LI's newest product! via @TimSackett https://t.co/ojhjGAhFWz,"[{'screen_name': 'LinkedIn', 'name': 'LinkedIn', 'id': 13058772, 'id_str': '13058772', 'indices': [29, 38]}, {'screen_name': 'TimSackett', 'name': 'Tim Sackett SCP,SPHR', 'id': 19343643, 'id_str': '19343643', 'indices': [82, 93]}]",,2,,,
169,,"Dear @LinkedIn : one reason ppl do not engage w your platform is that your ""who's looking at your profile"" feature scares ppl that all their actions are public, to some degree. You need a secure, knowable backstage where ppl can be sure they're safe.","[{'screen_name': 'LinkedIn', 'name': 'LinkedIn', 'id': 13058772, 'id_str': '13058772', 'indices': [5, 14]}]",,2,,,
170,,For the Refugees @4TheRefugees @Twitter @Facebook Nonprofit Help https://t.co/ctyYn27SOK via @YouTube @instagram @LinkedIn @Google,"[{'screen_name': '4TheRefugees', 'name': 'For the Refugees', 'id': 808350518703755265, 'id_str': '808350518703755265', 'indices': [17, 30]}, {'screen_name': 'Twitter', 'name': 'Twitter', 'id': 783214, 'id_str': '783214', 'indices': [31, 39]}, {'screen_name': 'facebook', 'name': 'Facebook', 'id': 2425151, 'id_str': '2425151', 'indices': [40, 49]}, {'screen_name': 'YouTube', 'name': 'YouTube', 'id': 10228272, 'id_str': '10228272', 'indices': [93, 101]}, {'screen_name': 'instagram', 'name': 'Instagram', 'id': 180505807, 'id_str': '180505807', 'indices': [102, 112]}, {'screen_name': 'LinkedIn', 'name': 'LinkedIn', 'id': 13058772, 'id_str': '13058772', 'indices': [113, 122]}, {'screen_name': 'Google', 'name': 'Google', 'id': 20536157, 'id_str': '20536157', 'indices': [123, 130]}]",,2,,,
171,,"#infosec #cybersecurity ""A Business Security Framework for the cyber insured"" https://t.co/3D8ytkTU3f by @smesecurity on @LinkedIn","[{'screen_name': 'smesecurity', 'name': 'Roger Smith', 'id': 168393498, 'id_str': '168393498', 'indices': [105, 117]}, {'screen_name': 'LinkedIn', 'name': 'LinkedIn', 'id': 13058772, 'id_str': '13058772', 'indices': [121, 130]}]",,2,,,
172,,Things @LinkedIn doesn't teach you. https://t.co/elHdjMfmFF,"[{'screen_name': 'LinkedIn', 'name': 'LinkedIn', 'id': 13058772, 'id_str': '13058772', 'indices': [7, 16]}]",,2,,,
173,,"""Instagram founders exit, how Sears could avoid bankruptcy, and more top news"" https://t.co/9OVdpOVaR6 by @LinkedInEditors on @LinkedIn","[{'screen_name': 'LinkedInEditors', 'name': 'LinkedIn Editors', 'id': 226348151, 'id_str': '226348151', 'indices': [106, 122]}, {'screen_name': 'LinkedIn', 'name': 'LinkedIn', 'id': 13058772, 'id_str': '13058772', 'indices': [126, 135]}]",,2,,,
174,,"Zeg @LinkedIn, ik kan toch wel √©√©n week vooruit plannen... https://t.co/f7NkE6DeWb","[{'screen_name': 'LinkedIn', 'name': 'LinkedIn', 'id': 13058772, 'id_str': '13058772', 'indices': [4, 13]}]",,2,,,
175,,"""The Vision‚ÄìTime Connection: How to Make It Work for Your Business"" https://t.co/ChnBnJK0vp by @jillmcabe on @LinkedIn","[{'screen_name': 'jillmcabe', 'name': 'Jill McAbe', 'id': 223832022, 'id_str': '223832022', 'indices': [95, 105]}, {'screen_name': 'LinkedIn', 'name': 'LinkedIn', 'id': 13058772, 'id_str': '13058772', 'indices': [109, 118]}]",,2,,,
176,,Discover 2 new ways to use the power of @LinkedIn within your daily workflow: Coauthor @Office365 documents with your LinkedIn contacts + get insights into your meeting attendees in @Outlook. #MSIgnite #ModernWorkplace,"[{'screen_name': 'LinkedIn', 'name': 'LinkedIn', 'id': 13058772, 'id_str': '13058772', 'indices': [40, 49]}, {'screen_name': 'Office365', 'name': 'Office 365', 'id': 137365854, 'id_str': '137365854', 'indices': [87, 97]}, {'screen_name': 'Outlook', 'name': 'Outlook', 'id': 605805760, 'id_str': '605805760', 'indices': [182, 190]}]",,2,,,
177,,"au #FDDay , on croise des gens qui connaissent @TousBenevoles, ""incontournable plateforme"" du #benevolat ! Gr√¢ce aussi √† notre partenaire @LinkedIn... #techforgood","[{'screen_name': 'TousBenevoles', 'name': 'Tous B√©n√©voles', 'id': 856306050, 'id_str': '856306050', 'indices': [47, 61]}, {'screen_name': 'LinkedIn', 'name': 'LinkedIn', 'id': 13058772, 'id_str': '13058772', 'indices': [138, 147]}]",,2,,,
178,,"hello ppl of the internet, do you think @linkedin is a reliable and proven job hunting source?","[{'screen_name': 'LinkedIn', 'name': 'LinkedIn', 'id': 13058772, 'id_str': '13058772', 'indices': [40, 49]}]",,2,,,
179,,Does this mean the @LinkedIn algorithm optimizes links? https://t.co/ljcTrDef4Y,"[{'screen_name': 'LinkedIn', 'name': 'LinkedIn', 'id': 13058772, 'id_str': '13058772', 'indices': [19, 28]}]",,2,,,
180,,"Printing scripts out this week, preparing for the ""Wrap in London"" shoot - In November!! @JKensington @josh_viner @LondonFashionWk @Seenmovie @VictoriasSecret @climate @ClaudiaWinkle @Fearlessdnb @Festival_Cannes @realmartinkemp @Arsenal @JenniferAnWorld @ITV @LinkedIn @EquityUK","[{'screen_name': 'JKensington', 'name': 'Jordan Kensington', 'id': 20841869, 'id_str': '20841869', 'indices': [89, 101]}, {'screen_name': 'josh_viner', 'name': 'Joshua Viner', 'id': 2841125561, 'id_str': '2841125561', 'indices': [102, 113]}, {'screen_name': 'LondonFashionWk', 'name': 'London Fashion Week', 'id': 50627903, 'id_str': '50627903', 'indices': [114, 130]}, {'screen_name': 'Seenmovie', 'name': 'SEEN The Movie', 'id': 2618072314, 'id_str': '2618072314', 'indices': [131, 141]}, {'screen_name': 'VictoriasSecret', 'name': ""Victoria's Secret"", 'id': 16193578, 'id_str': '16193578', 'indices': [142, 158]}, {'screen_name': 'climate', 'name': 'Climate Changed', 'id': 783719151684685824, 'id_str': '783719151684685824', 'indices': [159, 167]}, {'screen_name': 'ClaudiaWinkle', 'name': 'Claudia Winkleman', 'id': 7376892, 'id_str': '7376892', 'indices': [168, 182]}, {'screen_name': 'Fearlessdnb', 'name': 'MC Fearless', 'id': 1026770848840073216, 'id_str': '1026770848840073216', 'indices': [183, 195]}, {'screen_name': 'Festival_Cannes', 'name': 'Festival de Cannes', 'id': 275020671, 'id_str': '275020671', 'indices': [196, 212]}, {'screen_name': 'realmartinkemp', 'name': 'Martin Kemp', 'id': 222118628, 'id_str': '222118628', 'indices': [213, 228]}, {'screen_name': 'Arsenal', 'name': 'Arsenal FC', 'id': 34613288, 'id_str': '34613288', 'indices': [229, 237]}, {'screen_name': 'JenniferAnWorld', 'name': 'Jennifer Aniston ‚ùÑÔ∏è', 'id': 796444038723293184, 'id_str': '796444038723293184', 'indices': [238, 254]}, {'screen_name': 'ITV', 'name': 'ITV', 'id': 86925202, 'id_str': '86925202', 'indices': [255, 259]}, {'screen_name': 'LinkedIn', 'name': 'LinkedIn', 'id': 13058772, 'id_str': '13058772', 'indices': [260, 269]}, {'screen_name': 'EquityUK', 'name': 'Equity', 'id': 20604398, 'id_str': '20604398', 'indices': [270, 279]}]",,2,,,
181,,"Hey @LinkedIn, do you guys know that someone keeps trying to phish me using your name? And @Microsoft""s @Outlook is content with letting thru these emails no matter how many times I report it. You guys really want me to go Premium, huh? @CNN #apathykills https://t.co/B8i8bQFWos","[{'screen_name': 'LinkedIn', 'name': 'LinkedIn', 'id': 13058772, 'id_str': '13058772', 'indices': [4, 13]}, {'screen_name': 'Microsoft', 'name': 'Microsoft', 'id': 74286565, 'id_str': '74286565', 'indices': [91, 101]}, {'screen_name': 'Outlook', 'name': 'Outlook', 'id': 605805760, 'id_str': '605805760', 'indices': [104, 112]}, {'screen_name': 'CNN', 'name': 'CNN', 'id': 759251, 'id_str': '759251', 'indices': [237, 241]}]",,2,,,
182,,Achieve more through people with @LinkedIn and @Microsoft 365 https://t.co/P5TLOnZUaD via @YouTube #MSIgnite #LinkedInNews,"[{'screen_name': 'LinkedIn', 'name': 'LinkedIn', 'id': 13058772, 'id_str': '13058772', 'indices': [33, 42]}, {'screen_name': 'Microsoft', 'name': 'Microsoft', 'id': 74286565, 'id_str': '74286565', 'indices': [47, 57]}, {'screen_name': 'YouTube', 'name': 'YouTube', 'id': 10228272, 'id_str': '10228272', 'indices': [90, 98]}]",,2,,,
183,,"Has anyone ever had success reaching out to @LinkedIn customer service? One number I found online just gives the address, the other was answered by someone who hung up when I told him my problem; no one answering now","[{'screen_name': 'LinkedIn', 'name': 'LinkedIn', 'id': 13058772, 'id_str': '13058772', 'indices': [44, 53]}]",,2,,,
184,,"This is @LinkedIn's advice for a Company Page Update. 

‚Ä¢ Keep it to 150 characters or less.
‚Ä¢ Ask yourself: Would I click this?
‚Ä¢ Include a spicy point of view or an
interesting statistic 

I'm not kidding. 

This is such horrible advice on so many levels.","[{'screen_name': 'LinkedIn', 'name': 'LinkedIn', 'id': 13058772, 'id_str': '13058772', 'indices': [8, 17]}]",,2,,,
185,,"""The 5 Indispensable Qualities Of A Spherical Leader "" https://t.co/rZ4axoOavf by @CWJAHNKE on @LinkedIn","[{'screen_name': 'CWJAHNKE', 'name': 'Corey W. Jahnke', 'id': 257507227, 'id_str': '257507227', 'indices': [82, 91]}, {'screen_name': 'LinkedIn', 'name': 'LinkedIn', 'id': 13058772, 'id_str': '13058772', 'indices': [95, 104]}]",,2,,,
186,,"Hiring in the US was up 2.9% when compared to August 2017! #Jobs #JobsReport
https://t.co/tjCZIohtrR via @LinkedIn","[{'screen_name': 'LinkedIn', 'name': 'LinkedIn', 'id': 13058772, 'id_str': '13058772', 'indices': [105, 114]}]",,2,,,
187,,Your Weekly Dose of HR Tech: @LinkedIn Talent Insights ‚Äì LI‚Äôs newest product! https://t.co/QJ7MVd2GaK,"[{'screen_name': 'LinkedIn', 'name': 'LinkedIn', 'id': 13058772, 'id_str': '13058772', 'indices': [29, 38]}]",,2,,,
188,,7 LinkedIn Statistics That Will Make You Question Your Recruitment Strategy https://t.co/Q7VWMYzwVU by @MSchneiderTwts @LinkedIn #hiring #recruiting #employerbrand,"[{'screen_name': 'MSchneiderTwts', 'name': 'Mike Schneider', 'id': 2659510819, 'id_str': '2659510819', 'indices': [103, 118]}, {'screen_name': 'LinkedIn', 'name': 'LinkedIn', 'id': 13058772, 'id_str': '13058772', 'indices': [119, 128]}]",,2,,,
189,,New LinkedIn Features in Office 365 Help You Build Relationships and Better Collaborate https://t.co/GkERvSgLBG by @LinkedIn,"[{'screen_name': 'LinkedIn', 'name': 'LinkedIn', 'id': 13058772, 'id_str': '13058772', 'indices': [115, 124]}]",,2,,,
190,,.@Microsoft @Office 365 to add @LinkedIn integrations https://t.co/eDsnXTI4Vb,"[{'screen_name': 'Microsoft', 'name': 'Microsoft', 'id': 74286565, 'id_str': '74286565', 'indices': [1, 11]}, {'screen_name': 'Office', 'name': 'Microsoft Office', 'id': 22209176, 'id_str': '22209176', 'indices': [12, 19]}, {'screen_name': 'LinkedIn', 'name': 'LinkedIn', 'id': 13058772, 'id_str': '13058772', 'indices': [31, 40]}]",,2,,,
191,,"Treiber (6/9) f√ºr #Digitalisierung: #SocialMedia!

Interne Social Networks, #ActiveSourcing und Nutzung Networks wie @XING_de &amp; @LinkedIn f√ºr Networking und mehr...

Wie social geht es bei Ihnen zu?

Jetzt mitmachen bei #hrdrivesdigital  @hkp_group   
https://t.co/O5sNoZU7mi https://t.co/fi7eN0nA8x","[{'screen_name': 'XING_de', 'name': 'XING_de', 'id': 14885946, 'id_str': '14885946', 'indices': [117, 125]}, {'screen_name': 'LinkedIn', 'name': 'LinkedIn', 'id': 13058772, 'id_str': '13058772', 'indices': [132, 141]}, {'screen_name': 'hkp_group', 'name': 'hkp/// group', 'id': 2190256177, 'id_str': '2190256177', 'indices': [242, 252]}]",,2,,,
192,,"RIRA - Rapid IT Risk Assessment  
#meerkatmethod #riskassessment @linkedin
https://t.co/Iej9Smaqyp","[{'screen_name': 'LinkedIn', 'name': 'LinkedIn', 'id': 13058772, 'id_str': '13058772', 'indices': [65, 74]}]",,2,,,
193,,"""#Opportunity Zones and the #Ecosystem for Startups &amp; SMEs"" https://t.co/FBmRVUrH6F by @Gems_of_Wisdom on @LinkedIn","[{'screen_name': 'LinkedIn', 'name': 'LinkedIn', 'id': 13058772, 'id_str': '13058772', 'indices': [110, 119]}]",,2,,,
194,,happy to support child abuse? @TripleH @TK_US @NikeUK @Nike @GEICO @SamsungMobileUS @olivegarden  @NBA2K @KFC_UKI @kfc  @WishShopping @WWE  @LinkedIn @AdSense @KelloggsUS @KelloggsUK @MarsGlobal @EASPORTSFIFA @UbisoftSupport  @Microsoft @SonyPictures @facebook @Audi @AppleSupport https://t.co/iFCDnIHW71,"[{'screen_name': 'TripleH', 'name': 'Triple H', 'id': 355708717, 'id_str': '355708717', 'indices': [30, 38]}, {'screen_name': 'TK_US', 'name': 'Turkish Airlines USA', 'id': 531201141, 'id_str': '531201141', 'indices': [39, 45]}, {'screen_name': 'NikeUK', 'name': 'Nike UK', 'id': 561430822, 'id_str': '561430822', 'indices': [46, 53]}, {'screen_name': 'Nike', 'name': 'Nike', 'id': 415859364, 'id_str': '415859364', 'indices': [54, 59]}, {'screen_name': 'GEICO', 'name': 'GEICO', 'id': 22009780, 'id_str': '22009780', 'indices': [60, 66]}, {'screen_name': 'SamsungMobileUS', 'name': 'Samsung Mobile US', 'id': 14117843, 'id_str': '14117843', 'indices': [67, 83]}, {'screen_name': 'olivegarden', 'name': 'Olive Garden', 'id': 6018802, 'id_str': '6018802', 'indices': [84, 96]}, {'screen_name': 'NBA2K', 'name': 'NBA 2K19', 'id': 15573174, 'id_str': '15573174', 'indices': [98, 104]}, {'screen_name': 'KFC_UKI', 'name': 'KFC UK & Ireland', 'id': 2669580739, 'id_str': '2669580739', 'indices': [105, 113]}, {'screen_name': 'kfc', 'name': 'KFC', 'id': 15392391, 'id_str': '15392391', 'indices': [114, 118]}, {'screen_name': 'WishShopping', 'name': 'Wish Shopping', 'id': 2551259005, 'id_str': '2551259005', 'indices': [120, 133]}, {'screen_name': 'WWE', 'name': 'WWE', 'id': 7517222, 'id_str': '7517222', 'indices': [134, 138]}, {'screen_name': 'LinkedIn', 'name': 'LinkedIn', 'id': 13058772, 'id_str': '13058772', 'indices': [140, 149]}, {'screen_name': 'AdSense', 'name': 'Google AdSense', 'id': 25412522, 'id_str': '25412522', 'indices': [150, 158]}, {'screen_name': 'KelloggsUS', 'name': ""Kellogg's"", 'id': 534249758, 'id_str': '534249758', 'indices': [159, 170]}, {'screen_name': 'KelloggsUK', 'name': 'Kellogg‚Äôs UK & IRE', 'id': 19400602, 'id_str': '19400602', 'indices': [171, 182]}, {'screen_name': 'MarsGlobal', 'name': 'Mars, Incorporated', 'id': 300360969, 'id_str': '300360969', 'indices': [183, 194]}, {'screen_name': 'EASPORTSFIFA', 'name': 'EA SPORTS FIFA', 'id': 105297123, 'id_str': '105297123', 'indices': [195, 208]}, {'screen_name': 'UbisoftSupport', 'name': 'Ubisoft Support', 'id': 115717640, 'id_str': '115717640', 'indices': [209, 224]}, {'screen_name': 'Microsoft', 'name': 'Microsoft', 'id': 74286565, 'id_str': '74286565', 'indices': [226, 236]}, {'screen_name': 'SonyPictures', 'name': 'Sony Pictures', 'id': 14497313, 'id_str': '14497313', 'indices': [237, 250]}, {'screen_name': 'facebook', 'name': 'Facebook', 'id': 2425151, 'id_str': '2425151', 'indices': [251, 260]}, {'screen_name': 'Audi', 'name': 'Audi', 'id': 27650674, 'id_str': '27650674', 'indices': [261, 266]}, {'screen_name': 'AppleSupport', 'name': 'Apple Support', 'id': 3309375033, 'id_str': '3309375033', 'indices': [267, 280]}]",,2,,,
195,,Instagram‚Äôs Co-Founders Quit, A Disaster for Zuckerberg https://t.co/wLv2w7BMNC ‚Ä¶ @LinkedIn,"[{'screen_name': 'LinkedIn', 'name': 'LinkedIn', 'id': 13058772, 'id_str': '13058772', 'indices': [82, 91]}]",,2,,
196,,"@""THE IMPORTANCE OF LEARNING LESSONS"" https://t.co/oKatauI0eo on @LinkedIn","[{'screen_name': 'LinkedIn', 'name': 'LinkedIn', 'id': 13058772, 'id_str': '13058772', 'indices': [65, 74]}]",,2,,,
197,,Need to SUPERCHARGE your #brand? Want to use @LinkedIn the RIGHT way? Join us for our How to be a #BusinessInfluencer #Workshop and #Networking to learn how to make your brand SHINE! Get your tickets before Fri. at 12am to catch our BOGO Half-Off sale: https://t.co/FjgAINMtS3,"[{'screen_name': 'LinkedIn', 'name': 'LinkedIn', 'id': 13058772, 'id_str': '13058772', 'indices': [45, 54]}]",,2,,,
198,,"""Modern Desktop Management - Shift the Mindset, Not the Workload"" https://t.co/EivwXPA2eJ by @noel_fairclough on @LinkedIn #MSIgnite","[{'screen_name': 'noel_fairclough', 'name': 'Noel Fairclough', 'id': 2422192946, 'id_str': '2422192946', 'indices': [93, 109]}, {'screen_name': 'LinkedIn', 'name': 'LinkedIn', 'id': 13058772, 'id_str': '13058772', 'indices': [113, 122]}]",,2,,,
199,,"@""Sucesso, para mim, s√£o aqueles sonhos que merecem ser vividos"" https://t.co/9bjih6Q8sW no @LinkedIn","[{'screen_name': 'LinkedIn', 'name': 'LinkedIn', 'id': 13058772, 'id_str': '13058772', 'indices': [92, 101]}]",,2,,,
