,text,mentions,choose_one,class_label
0,This is amazing! Thank you @Verizon for empowering dreamers to be doers through innovative technology. #humanability https://t.co/TuZHxVCwW4,"[{'screen_name': 'verizon', 'name': 'Verizon', 'id': 59889953, 'id_str': '59889953', 'indices': [27, 35]}]",,2
1,We need to close the digital divide once and for all! Thank you to @Verizon for leading the way and getting free tech education tools to over 1 million kids so far.,"[{'screen_name': 'verizon', 'name': 'Verizon', 'id': 59889953, 'id_str': '59889953', 'indices': [67, 75]}]",,2
2,"What do @verizon and @AlaskaAir have in common? ü§î They both use Live Conversation to improve their user experiences! Join us in our upcoming webinar to learn firsthand how they connect with their customers ‚ú® https://t.co/t8Z1b60ozt

#UX #CX #product #marketing #design https://t.co/1N1n9v6mgA","[{'screen_name': 'verizon', 'name': 'Verizon', 'id': 59889953, 'id_str': '59889953', 'indices': [8, 16]}, {'screen_name': 'AlaskaAir', 'name': 'Alaska Airlines', 'id': 13192972, 'id_str': '13192972', 'indices': [21, 31]}]",,2
3,"The future is here! More places should follow @Verizon and Sacramento‚Äôs  example, and use technology to make cities more environmentally friendly. https://t.co/yetJFawV9A","[{'screen_name': 'verizon', 'name': 'Verizon', 'id': 59889953, 'id_str': '59889953', 'indices': [46, 54]}]",,2
4,Is @verizon having problems with wireless service when it comes to sending and receiving text messages ???,"[{'screen_name': 'verizon', 'name': 'Verizon', 'id': 59889953, 'id_str': '59889953', 'indices': [3, 11]}]",,2
5,"Heather buffettBy simply adding my name, @Verizon donated on my behalf to help schools in need. Add your name and they'll do the same for you! https://t.co/LbhEANE17e #humanability","[{'screen_name': 'verizon', 'name': 'Verizon', 'id': 59889953, 'id_str': '59889953', 'indices': [41, 49]}]",,2
6,We need to close the digital divide once and for all! Thank you to @Verizon for leading the way and getting free tech education tools to over 1 million kids so far.,"[{'screen_name': 'verizon', 'name': 'Verizon', 'id': 59889953, 'id_str': '59889953', 'indices': [67, 75]}]",,2
7,I just want to take time out to thank @Verizon for the poor cell service drop calls not being able to send pics and the terrible customer service. It might be time to give @sprint a try.,"[{'screen_name': 'verizon', 'name': 'Verizon', 'id': 59889953, 'id_str': '59889953', 'indices': [38, 46]}, {'screen_name': 'sprint', 'name': 'Sprint', 'id': 14626738, 'id_str': '14626738', 'indices': [172, 179]}]",,2
8,When your trolling @Verizon so hard you get locked out of Twitter twice #Epic Let the trolls roam.....,"[{'screen_name': 'verizon', 'name': 'Verizon', 'id': 59889953, 'id_str': '59889953', 'indices': [19, 27]}]",,2
9,This is amazing! Thank you @Verizon for empowering dreamers to be doers through innovative technology. #humanability https://t.co/zy4EPlP9nB,"[{'screen_name': 'verizon', 'name': 'Verizon', 'id': 59889953, 'id_str': '59889953', 'indices': [27, 35]}]",,2
10,"The future is here! More places should follow @Verizon and Sacramento‚Äôs  example, and use technology to make cities more environmentally friendly. https://t.co/MeTsvRceLD","[{'screen_name': 'verizon', 'name': 'Verizon', 'id': 59889953, 'id_str': '59889953', 'indices': [46, 54]}]",,2
11,This is amazing! Thank you @Verizon for empowering dreamers to be doers through innovative technology. #humanability https://t.co/V0KTKMTyN4,"[{'screen_name': 'verizon', 'name': 'Verizon', 'id': 59889953, 'id_str': '59889953', 'indices': [27, 35]}]",,2
12,We need to close the digital divide once and for all! Thank you to @Verizon for leading the way and getting free tech education tools to over 1 million kids so far.,"[{'screen_name': 'verizon', 'name': 'Verizon', 'id': 59889953, 'id_str': '59889953', 'indices': [67, 75]}]",,2
13,This is amazing! Thank you @Verizon for empowering dreamers to be doers through innovative technology. #humanability https://t.co/rV9H4dknZL,"[{'screen_name': 'verizon', 'name': 'Verizon', 'id': 59889953, 'id_str': '59889953', 'indices': [27, 35]}]",,2
14,Just waited an hour and twenty minutes on hold with @VerizonSupport for help with my @verizonfios account. First experience trying to fix my WiFi connection hasn‚Äôt gone over too well and is yet to be resolved. Please help  @verizon,"[{'screen_name': 'VerizonSupport', 'name': 'Verizon Support', 'id': 37435412, 'id_str': '37435412', 'indices': [52, 67]}, {'screen_name': 'verizonfios', 'name': 'Verizon Fios', 'id': 29852317, 'id_str': '29852317', 'indices': [85, 97]}, {'screen_name': 'verizon', 'name': 'Verizon', 'id': 59889953, 'id_str': '59889953', 'indices': [223, 231]}]",,2
15,"The future is here! More places should follow @Verizon and Sacramento‚Äôs  example, and use technology to make cities more environmentally friendly. https://t.co/S4lVIwNS6f","[{'screen_name': 'verizon', 'name': 'Verizon', 'id': 59889953, 'id_str': '59889953', 'indices': [46, 54]}]",,2
16,"The future is here! More places should follow @Verizon and Sacramento‚Äôs  example, and use technology to make cities more environmentally friendly. https://t.co/XfiDPho4Ox","[{'screen_name': 'verizon', 'name': 'Verizon', 'id': 59889953, 'id_str': '59889953', 'indices': [46, 54]}]",,2
17,"The future is here! More places should follow @Verizon and Sacramento‚Äôs  example, and use technology to make cities more environmentally friendly. https://t.co/PWPjHOvTsF","[{'screen_name': 'verizon', 'name': 'Verizon', 'id': 59889953, 'id_str': '59889953', 'indices': [46, 54]}]",,2
18,We need to close the digital divide once and for all! Thank you to @Verizon for leading the way and getting free tech education tools to over 1 million kids so far.,"[{'screen_name': 'verizon', 'name': 'Verizon', 'id': 59889953, 'id_str': '59889953', 'indices': [67, 75]}]",,2
19,This is amazing! Thank you @Verizon for empowering dreamers to be doers through innovative technology. #humanability https://t.co/MzHBf5qLmE,"[{'screen_name': 'verizon', 'name': 'Verizon', 'id': 59889953, 'id_str': '59889953', 'indices': [27, 35]}]",,2
20,We need to close the digital divide once and for all! Thank you to @Verizon for leading the way and getting free tech education tools to over 1 million kids so far.,"[{'screen_name': 'verizon', 'name': 'Verizon', 'id': 59889953, 'id_str': '59889953', 'indices': [67, 75]}]",,2
21,"The future is here! More places should follow @Verizon and Sacramento‚Äôs  example, and use technology to make cities more environmentally friendly. https://t.co/hvHnDV4p8L","[{'screen_name': 'verizon', 'name': 'Verizon', 'id': 59889953, 'id_str': '59889953', 'indices': [46, 54]}]",,2
22,"The future is here! More places should follow @Verizon and Sacramento‚Äôs  example, and use technology to make cities more environmentally friendly. https://t.co/Nvmm54DJik","[{'screen_name': 'verizon', 'name': 'Verizon', 'id': 59889953, 'id_str': '59889953', 'indices': [46, 54]}]",,2
23,"The future is here! More places should follow @Verizon and Sacramento‚Äôs  example, and use technology to make cities more environmentally friendly. https://t.co/RsXHzVt6Nb","[{'screen_name': 'verizon', 'name': 'Verizon', 'id': 59889953, 'id_str': '59889953', 'indices': [46, 54]}]",,2
24,We need to close the digital divide once and for all! Thank you to @Verizon for leading the way and getting free tech education tools to over 1 million kids so far.,"[{'screen_name': 'verizon', 'name': 'Verizon', 'id': 59889953, 'id_str': '59889953', 'indices': [67, 75]}]",,2
25,We need to close the digital divide once and for all! Thank you to @Verizon for leading the way and getting free tech education tools to over 1 million kids so far.,"[{'screen_name': 'verizon', 'name': 'Verizon', 'id': 59889953, 'id_str': '59889953', 'indices': [67, 75]}]",,2
26,"The future is here! More places should follow @Verizon and Sacramento‚Äôs  example, and use technology to make cities more environmentally friendly. https://t.co/KxJ670apva","[{'screen_name': 'verizon', 'name': 'Verizon', 'id': 59889953, 'id_str': '59889953', 'indices': [46, 54]}]",,2
27,"The future is here! More places should follow @Verizon and Sacramento‚Äôs  example, and use technology to make cities more environmentally friendly. https://t.co/VX6AKBtzWY","[{'screen_name': 'verizon', 'name': 'Verizon', 'id': 59889953, 'id_str': '59889953', 'indices': [46, 54]}]",,2
28,"The future is here! More places should follow @Verizon and Sacramento‚Äôs  example, and use technology to make cities more environmentally friendly. https://t.co/aUlS4Iuj1j","[{'screen_name': 'verizon', 'name': 'Verizon', 'id': 59889953, 'id_str': '59889953', 'indices': [46, 54]}]",,2
29,"My students need wobble stools  so they can wiggle while they learn. Donations will be greatly appreciated. https://t.co/uHkdWnRA0s 
@HoraceMann 
@VinceMcMahon 
@SBALinda
@Ripple 
@Gatesfoundation 
@Andallthis
@Verizon 
@nikeunleash 
@mradamwelcome 
@classroomchamps","[{'screen_name': 'HoraceMann', 'name': 'Horace Mann', 'id': 195777968, 'id_str': '195777968', 'indices': [133, 144]}, {'screen_name': 'VinceMcMahon', 'name': 'Vince McMahon', 'id': 1222639789, 'id_str': '1222639789', 'indices': [146, 159]}, {'screen_name': 'SBALinda', 'name': 'Linda McMahon', 'id': 819992522109894658, 'id_str': '819992522109894658', 'indices': [161, 170]}, {'screen_name': 'Ripple', 'name': 'Ripple', 'id': 1051053836, 'id_str': '1051053836', 'indices': [171, 178]}, {'screen_name': 'gatesfoundation', 'name': 'Goalkeepers', 'id': 17899109, 'id_str': '17899109', 'indices': [180, 196]}, {'screen_name': 'AndAllThis', 'name': 'AndAllThis', 'id': 1382701344, 'id_str': '1382701344', 'indices': [198, 209]}, {'screen_name': 'verizon', 'name': 'Verizon', 'id': 59889953, 'id_str': '59889953', 'indices': [210, 218]}, {'screen_name': 'NikeUnleash', 'name': 'Official Phil Knight', 'id': 2798204480, 'id_str': '2798204480', 'indices': [220, 232]}, {'screen_name': 'mradamwelcome', 'name': 'Adam Welcome', 'id': 153981304, 'id_str': '153981304', 'indices': [234, 248]}, {'screen_name': 'ClassroomChamps', 'name': 'Classroom Champions', 'id': 193977630, 'id_str': '193977630', 'indices': [250, 266]}]",,2
30,Thanks for supporting the @dpvils network @TheEllenShow! We‚Äôre committed to helping close the digital divide through this work with @verizon. @DigitalPromise #dpvils https://t.co/VYQn23EgGv,"[{'screen_name': 'dpvils', 'name': 'Verizon Innovative Learning schools', 'id': 770662587918721024, 'id_str': '770662587918721024', 'indices': [26, 33]}, {'screen_name': 'TheEllenShow', 'name': 'Ellen DeGeneres', 'id': 15846407, 'id_str': '15846407', 'indices': [42, 55]}, {'screen_name': 'verizon', 'name': 'Verizon', 'id': 59889953, 'id_str': '59889953', 'indices': [132, 140]}, {'screen_name': 'DigitalPromise', 'name': 'Digital Promise', 'id': 373421465, 'id_str': '373421465', 'indices': [142, 157]}]",,2
31,Hey @Verizon you suck!,"[{'screen_name': 'verizon', 'name': 'Verizon', 'id': 59889953, 'id_str': '59889953', 'indices': [4, 12]}]",,2
32,We need to close the digital divide once and for all! Thank you to @Verizon for leading the way and getting free tech education tools to over 1 million kids so far.,"[{'screen_name': 'verizon', 'name': 'Verizon', 'id': 59889953, 'id_str': '59889953', 'indices': [67, 75]}]",,2
33,Giving up all my ambitions to pursue a career in waiting on hold with @verizon,"[{'screen_name': 'verizon', 'name': 'Verizon', 'id': 59889953, 'id_str': '59889953', 'indices': [70, 78]}]",,2
34,"The future is here! More places should follow @Verizon and Sacramento‚Äôs  example, and use technology to make cities more environmentally friendly. https://t.co/aNaWkclUxi","[{'screen_name': 'verizon', 'name': 'Verizon', 'id': 59889953, 'id_str': '59889953', 'indices': [46, 54]}]",,2
35,"The future is here! More places should follow @Verizon and Sacramento‚Äôs  example, and use technology to make cities more environmentally friendly. https://t.co/aIMjyEXjme","[{'screen_name': 'verizon', 'name': 'Verizon', 'id': 59889953, 'id_str': '59889953', 'indices': [46, 54]}]",,2
36,We need to close the digital divide once and for all! Thank you to @Verizon for leading the way and getting free tech education tools to over 1 million kids so far.,"[{'screen_name': 'verizon', 'name': 'Verizon', 'id': 59889953, 'id_str': '59889953', 'indices': [67, 75]}]",,2
37,"The future is here! More places should follow @Verizon and Sacramento‚Äôs  example, and use technology to make cities more environmentally friendly. https://t.co/IY0A1UjpJa","[{'screen_name': 'verizon', 'name': 'Verizon', 'id': 59889953, 'id_str': '59889953', 'indices': [46, 54]}]",,2
38,We need to close the digital divide once and for all! Thank you to @Verizon for leading the way and getting free tech education tools to over 1 million kids so far.,"[{'screen_name': 'verizon', 'name': 'Verizon', 'id': 59889953, 'id_str': '59889953', 'indices': [67, 75]}]",,2
39,"The future is here! More places should follow @Verizon and Sacramento‚Äôs  example, and use technology to make cities more environmentally friendly. https://t.co/rLTvALjftS","[{'screen_name': 'verizon', 'name': 'Verizon', 'id': 59889953, 'id_str': '59889953', 'indices': [46, 54]}]",,2
40,This is amazing! Thank you @Verizon for empowering dreamers to be doers through innovative technology. #humanability https://t.co/vZfOqdHOwu,"[{'screen_name': 'verizon', 'name': 'Verizon', 'id': 59889953, 'id_str': '59889953', 'indices': [27, 35]}]",,2
41,Dear @verizon @VZWSupport and @IPLPower who‚Äôs genius idea was it to remove a light pole and replace the pole without the light? It‚Äôs been several months and several complaints and nothing has been resolved. I‚Äôd rather have a light than your non-existent 5G service.,"[{'screen_name': 'verizon', 'name': 'Verizon', 'id': 59889953, 'id_str': '59889953', 'indices': [5, 13]}, {'screen_name': 'VZWSupport', 'name': 'Verizon Wireless CS', 'id': 62601419, 'id_str': '62601419', 'indices': [14, 25]}, {'screen_name': 'IPLPower', 'name': 'IPL Power', 'id': 471919461, 'id_str': '471919461', 'indices': [30, 39]}]",,2
42,"Brought my old @motorola Droid 4 to work today because there were some co-workers fascinated that phones with keyboards were a thing. Now they need to get off my lawn. Also, @verizon, I'd like to unlock the SIM on this.","[{'screen_name': 'motorola', 'name': 'Motorola', 'id': 4874940065, 'id_str': '4874940065', 'indices': [15, 24]}, {'screen_name': 'verizon', 'name': 'Verizon', 'id': 59889953, 'id_str': '59889953', 'indices': [174, 182]}]",,2
43,We need to close the digital divide once and for all! Thank you to @Verizon for leading the way and getting free tech education tools to over 1 million kids so far.,"[{'screen_name': 'verizon', 'name': 'Verizon', 'id': 59889953, 'id_str': '59889953', 'indices': [67, 75]}]",,2
44,"The future is here! More places should follow @Verizon and Sacramento‚Äôs  example, and use technology to make cities more environmentally friendly. https://t.co/1lssS2OrXI","[{'screen_name': 'verizon', 'name': 'Verizon', 'id': 59889953, 'id_str': '59889953', 'indices': [46, 54]}]",,2
45,This is amazing! Thank you @Verizon for empowering dreamers to be doers through innovative technology. #humanability https://t.co/njQXNythsT,"[{'screen_name': 'verizon', 'name': 'Verizon', 'id': 59889953, 'id_str': '59889953', 'indices': [27, 35]}]",,2
46,Thanks to @TheEllenShow for supporting @DigitalPromise and @verizon‚Äôs efforts to close the digital learning gap! https://t.co/LWwJavuUJ3,"[{'screen_name': 'TheEllenShow', 'name': 'Ellen DeGeneres', 'id': 15846407, 'id_str': '15846407', 'indices': [10, 23]}, {'screen_name': 'DigitalPromise', 'name': 'Digital Promise', 'id': 373421465, 'id_str': '373421465', 'indices': [39, 54]}, {'screen_name': 'verizon', 'name': 'Verizon', 'id': 59889953, 'id_str': '59889953', 'indices': [59, 67]}]",,2
47,We need to close the digital divide once and for all! Thank you to @Verizon for leading the way and getting free tech education tools to over 1 million kids so far.,"[{'screen_name': 'verizon', 'name': 'Verizon', 'id': 59889953, 'id_str': '59889953', 'indices': [67, 75]}]",,2
48,This is amazing! Thank you @Verizon for empowering dreamers to be doers through innovative technology. #humanability https://t.co/yPPLxKnxjQ,"[{'screen_name': 'verizon', 'name': 'Verizon', 'id': 59889953, 'id_str': '59889953', 'indices': [27, 35]}]",,2
49,.@Ask_Spectrum @ATT @verizon et al everyone of you charge too much for unlimited data on a cell phone. It really is a s i n; I don't buy that you need more info structure. You lease equipment and write it off.,"[{'screen_name': 'Ask_Spectrum', 'name': 'Ask Spectrum', 'id': 19638927, 'id_str': '19638927', 'indices': [1, 14]}, {'screen_name': 'ATT', 'name': 'AT&T', 'id': 14620190, 'id_str': '14620190', 'indices': [15, 19]}, {'screen_name': 'verizon', 'name': 'Verizon', 'id': 59889953, 'id_str': '59889953', 'indices': [20, 28]}]",,2
50,"The future is here! More places should follow @Verizon and Sacramento‚Äôs  example, and use technology to make cities more environmentally friendly. https://t.co/I4A5Q6XfwP","[{'screen_name': 'verizon', 'name': 'Verizon', 'id': 59889953, 'id_str': '59889953', 'indices': [46, 54]}]",,2
51,"By simply adding my name, @Verizon donated on my behalf to help schools in need. Add your name and they'll do the same for you! https://t.co/38dZZo9GvP #humanability","[{'screen_name': 'verizon', 'name': 'Verizon', 'id': 59889953, 'id_str': '59889953', 'indices': [26, 34]}]",,2
52,"Verizon Outage Going Down at the Moment (Updated) ‚Äì Droid Life https://t.co/Y7QgUl2I6N

One of the MANY reasons we love WIRED #Internet connections.

#EthernetForTheWin

(Verizon is great, too! Don't be mad, @Verizon)","[{'screen_name': 'verizon', 'name': 'Verizon', 'id': 59889953, 'id_str': '59889953', 'indices': [208, 216]}]",,2
53,Cancelled service @verizon when moved. They say I owe full month when I only had service 2 days @bbb_us @MarkHerringVA plus I paid the 2 days!,"[{'screen_name': 'verizon', 'name': 'Verizon', 'id': 59889953, 'id_str': '59889953', 'indices': [18, 26]}, {'screen_name': 'bbb_us', 'name': 'BBB | US', 'id': 15602091, 'id_str': '15602091', 'indices': [96, 103]}, {'screen_name': 'MarkHerringVA', 'name': 'Mark Herring', 'id': 205299497, 'id_str': '205299497', 'indices': [104, 118]}]",,2
54,"The future is here! More places should follow @Verizon and Sacramento‚Äôs  example, and use technology to make cities more environmentally friendly. https://t.co/013IDRiY1a","[{'screen_name': 'verizon', 'name': 'Verizon', 'id': 59889953, 'id_str': '59889953', 'indices': [46, 54]}]",,2
55,This is amazing! Thank you @Verizon for empowering dreamers to be doers through innovative technology. #humanability https://t.co/y5AOs0YbXs,"[{'screen_name': 'verizon', 'name': 'Verizon', 'id': 59889953, 'id_str': '59889953', 'indices': [27, 35]}]",,2
56,We need to close the digital divide once and for all! Thank you to @Verizon for leading the way and getting free tech education tools to over 1 million kids so far.,"[{'screen_name': 'verizon', 'name': 'Verizon', 'id': 59889953, 'id_str': '59889953', 'indices': [67, 75]}]",,2
57,This is amazing! Thank you @Verizon for empowering dreamers to be doers through innovative technology. #humanability https://t.co/nCw0nOv24u,"[{'screen_name': 'verizon', 'name': 'Verizon', 'id': 59889953, 'id_str': '59889953', 'indices': [27, 35]}]",,2
58,This is amazing! Thank you @Verizon for empowering dreamers to be doers through innovative technology. #humanability https://t.co/p713KLQemc,"[{'screen_name': 'verizon', 'name': 'Verizon', 'id': 59889953, 'id_str': '59889953', 'indices': [27, 35]}]",,2
59,We need to close the digital divide once and for all! Thank you to @Verizon for leading the way and getting free tech education tools to over 1 million kids so far.,"[{'screen_name': 'verizon', 'name': 'Verizon', 'id': 59889953, 'id_str': '59889953', 'indices': [67, 75]}]",,2
60,We need to close the digital divide once and for all! Thank you to @Verizon for leading the way and getting free tech education tools to over 1 million kids so far.,"[{'screen_name': 'verizon', 'name': 'Verizon', 'id': 59889953, 'id_str': '59889953', 'indices': [67, 75]}]",,2
61,We need to close the digital divide once and for all! Thank you to @Verizon for leading the way and getting free tech education tools to over 1 million kids so far.,"[{'screen_name': 'verizon', 'name': 'Verizon', 'id': 59889953, 'id_str': '59889953', 'indices': [67, 75]}]",,2
62,"The future is here! More places should follow @Verizon and Sacramento‚Äôs  example, and use technology to make cities more environmentally friendly. https://t.co/DJnGPREQJe","[{'screen_name': 'verizon', 'name': 'Verizon', 'id': 59889953, 'id_str': '59889953', 'indices': [46, 54]}]",,2
63,"The future is here! More places should follow @Verizon and Sacramento‚Äôs  example, and use technology to make cities more environmentally friendly. https://t.co/CBmYGnxONI","[{'screen_name': 'verizon', 'name': 'Verizon', 'id': 59889953, 'id_str': '59889953', 'indices': [46, 54]}]",,2
64,"I preordered upgrade to iPhone XS from @verizon on the 14th, but order never shipped and no customer service. Good news is you can just buy it unlocked at the Apple Store, so I just got one. As a free man, what carrier should I choose?","[{'screen_name': 'verizon', 'name': 'Verizon', 'id': 59889953, 'id_str': '59889953', 'indices': [39, 47]}]",,2
65,This is amazing! Thank you @Verizon for empowering dreamers to be doers through innovative technology. #humanability https://t.co/7Aiip1DAGr,"[{'screen_name': 'verizon', 'name': 'Verizon', 'id': 59889953, 'id_str': '59889953', 'indices': [27, 35]}]",,2
66,"The future is here! More places should follow @Verizon and Sacramento‚Äôs  example, and use technology to make cities more environmentally friendly. https://t.co/vn80aP6W0H","[{'screen_name': 'verizon', 'name': 'Verizon', 'id': 59889953, 'id_str': '59889953', 'indices': [46, 54]}]",,2
67,"The future is here! More places should follow @Verizon and Sacramento‚Äôs  example, and use technology to make cities more environmentally friendly. https://t.co/zrhttepoug","[{'screen_name': 'verizon', 'name': 'Verizon', 'id': 59889953, 'id_str': '59889953', 'indices': [46, 54]}]",,2
68,This is amazing! Thank you @Verizon for empowering dreamers to be doers through innovative technology. #humanability https://t.co/ysMNUokjvB,"[{'screen_name': 'verizon', 'name': 'Verizon', 'id': 59889953, 'id_str': '59889953', 'indices': [27, 35]}]",,2
69,We need to close the digital divide once and for all! Thank you to @Verizon for leading the way and getting free tech education tools to over 1 million kids so far.,"[{'screen_name': 'verizon', 'name': 'Verizon', 'id': 59889953, 'id_str': '59889953', 'indices': [67, 75]}]",,2
70,"The future is here! More places should follow @Verizon and Sacramento‚Äôs  example, and use technology to make cities more environmentally friendly. https://t.co/Y4OBtvKq5s","[{'screen_name': 'verizon', 'name': 'Verizon', 'id': 59889953, 'id_str': '59889953', 'indices': [46, 54]}]",,2
71,"The future is here! More places should follow @Verizon and Sacramento‚Äôs  example, and use technology to make cities more environmentally friendly. https://t.co/PuIaHMoPAB","[{'screen_name': 'verizon', 'name': 'Verizon', 'id': 59889953, 'id_str': '59889953', 'indices': [46, 54]}]",,2
72,Fun night with @IndyCar friends!! @Verizon @SteveC_Williams @CSM_Americas @Team_Penske https://t.co/33AlGj5MbX,"[{'screen_name': 'IndyCar', 'name': 'IndyCar Series', 'id': 21302878, 'id_str': '21302878', 'indices': [15, 23]}, {'screen_name': 'verizon', 'name': 'Verizon', 'id': 59889953, 'id_str': '59889953', 'indices': [34, 42]}, {'screen_name': 'SteveC_Williams', 'name': 'Steven C. Williams', 'id': 835475891350192129, 'id_str': '835475891350192129', 'indices': [43, 59]}, {'screen_name': 'CSM_Americas', 'name': 'CSM Americas', 'id': 154512115, 'id_str': '154512115', 'indices': [60, 73]}, {'screen_name': 'Team_Penske', 'name': 'Team Penske', 'id': 50311625, 'id_str': '50311625', 'indices': [74, 86]}]",,2
73,This is amazing! Thank you @Verizon for empowering dreamers to be doers through innovative technology. #humanability https://t.co/8YwVS4mYma,"[{'screen_name': 'verizon', 'name': 'Verizon', 'id': 59889953, 'id_str': '59889953', 'indices': [27, 35]}]",,2
74,Watching my mom's 93 year old aunt cuss out @verizon over the phone for not fixing her phone for 2 months has been my favorite thing this week. That's so gonna be me when I'm old...if I live that long. üòÇüëµ,"[{'screen_name': 'verizon', 'name': 'Verizon', 'id': 59889953, 'id_str': '59889953', 'indices': [44, 52]}]",,2
75,This is amazing! Thank you @Verizon for empowering dreamers to be doers through innovative technology. #humanability https://t.co/p9OJtGeUsK,"[{'screen_name': 'verizon', 'name': 'Verizon', 'id': 59889953, 'id_str': '59889953', 'indices': [27, 35]}]",,2
76,This is amazing! Thank you @Verizon for empowering dreamers to be doers through innovative technology. #humanability https://t.co/I37KtoAPFM,"[{'screen_name': 'verizon', 'name': 'Verizon', 'id': 59889953, 'id_str': '59889953', 'indices': [27, 35]}]",,2
77,We need to close the digital divide once and for all! Thank you to @Verizon for leading the way and getting free tech education tools to over 1 million kids so far.,"[{'screen_name': 'verizon', 'name': 'Verizon', 'id': 59889953, 'id_str': '59889953', 'indices': [67, 75]}]",,2
78,"The future is here! More places should follow @Verizon and Sacramento‚Äôs  example, and use technology to make cities more environmentally friendly. https://t.co/OET5kqsH5y","[{'screen_name': 'verizon', 'name': 'Verizon', 'id': 59889953, 'id_str': '59889953', 'indices': [46, 54]}]",,2
79,This is amazing! Thank you @Verizon for empowering dreamers to be doers through innovative technology. #humanability https://t.co/R0KombQqbl,"[{'screen_name': 'verizon', 'name': 'Verizon', 'id': 59889953, 'id_str': '59889953', 'indices': [27, 35]}]",,2
80,"The future is here! More places should follow @Verizon and Sacramento‚Äôs  example, and use technology to make cities more environmentally friendly. https://t.co/OET5kqKiu8","[{'screen_name': 'verizon', 'name': 'Verizon', 'id': 59889953, 'id_str': '59889953', 'indices': [46, 54]}]",,2
81,"‚úäüèæ Major thanks to @verizon @kpthrive @bridgebank @Athletics @salesforce @KaporCenter @UofCalifornia Office of the President for helping make this event possible and supporting our black entrepreneurs and technologists! 

#RevealingGenius
#TheHiddenGeniusProject https://t.co/vOlV6kLJMa","[{'screen_name': 'verizon', 'name': 'Verizon', 'id': 59889953, 'id_str': '59889953', 'indices': [19, 27]}, {'screen_name': 'kpthrive', 'name': 'Thrive with KP', 'id': 18848096, 'id_str': '18848096', 'indices': [28, 37]}, {'screen_name': 'bridgebank', 'name': 'Bridge Bank', 'id': 264281579, 'id_str': '264281579', 'indices': [38, 49]}, {'screen_name': 'Athletics', 'name': 'Oakland Athletics üå≥üêò‚öæÔ∏è', 'id': 19607400, 'id_str': '19607400', 'indices': [50, 60]}, {'screen_name': 'salesforce', 'name': 'Salesforce', 'id': 33612317, 'id_str': '33612317', 'indices': [61, 72]}, {'screen_name': 'KaporCenter', 'name': 'Kapor Center', 'id': 409371254, 'id_str': '409371254', 'indices': [73, 85]}, {'screen_name': 'UofCalifornia', 'name': 'UC', 'id': 89793645, 'id_str': '89793645', 'indices': [86, 100]}]",,2
82,"By simply adding my name, @Verizon donated on my behalf to help schools in need. Add your name and they'll do the same for you! https://t.co/e7r6LIBwB2 #humanability","[{'screen_name': 'verizon', 'name': 'Verizon', 'id': 59889953, 'id_str': '59889953', 'indices': [26, 34]}]",,2
83,We need to close the digital divide once and for all! Thank you to @Verizon for leading the way and getting free tech education tools to over 1 million kids so far.,"[{'screen_name': 'verizon', 'name': 'Verizon', 'id': 59889953, 'id_str': '59889953', 'indices': [67, 75]}]",,2
84,For all this money we paying why don‚Äôt I ever have service @Verizon,"[{'screen_name': 'verizon', 'name': 'Verizon', 'id': 59889953, 'id_str': '59889953', 'indices': [59, 67]}]",,2
85,"The future is here! More places should follow @Verizon and Sacramento‚Äôs  example, and use technology to make cities more environmentally friendly. https://t.co/BMO7I1389p","[{'screen_name': 'verizon', 'name': 'Verizon', 'id': 59889953, 'id_str': '59889953', 'indices': [46, 54]}]",,2
86,At the 2018 ‚Å¶@verizon‚Å© ‚Å¶@IndyCar‚Å© Victory Lap in Indianapolis https://t.co/sQegGaEiV1,"[{'screen_name': 'verizon', 'name': 'Verizon', 'id': 59889953, 'id_str': '59889953', 'indices': [13, 21]}, {'screen_name': 'IndyCar', 'name': 'IndyCar Series', 'id': 21302878, 'id_str': '21302878', 'indices': [24, 32]}]",,2
87,We need to close the digital divide once and for all! Thank you to @Verizon for leading the way and getting free tech education tools to over 1 million kids so far.,"[{'screen_name': 'verizon', 'name': 'Verizon', 'id': 59889953, 'id_str': '59889953', 'indices': [67, 75]}]",,2
88,"Looking for a new phone. Currently with @Verizon who sold me a broken phone then refused customer service for months.

Suggestions on where go and what to get ?","[{'screen_name': 'verizon', 'name': 'Verizon', 'id': 59889953, 'id_str': '59889953', 'indices': [40, 48]}]",,2
89,"The future is here! More places should follow @Verizon and Sacramento‚Äôs  example, and use technology to make cities more environmentally friendly. https://t.co/UpI8PtbBqX","[{'screen_name': 'verizon', 'name': 'Verizon', 'id': 59889953, 'id_str': '59889953', 'indices': [46, 54]}]",,2
90,"The future is here! More places should follow @Verizon and Sacramento‚Äôs  example, and use technology to make cities more environmentally friendly. https://t.co/BUGdS8OC6g","[{'screen_name': 'verizon', 'name': 'Verizon', 'id': 59889953, 'id_str': '59889953', 'indices': [46, 54]}]",,2
91,We need to close the digital divide once and for all! Thank you to @Verizon for leading the way and getting free tech education tools to over 1 million kids so far.,"[{'screen_name': 'verizon', 'name': 'Verizon', 'id': 59889953, 'id_str': '59889953', 'indices': [67, 75]}]",,2
92,This is amazing! Thank you @Verizon for empowering dreamers to be doers through innovative technology. #humanability https://t.co/2nUdRLQ6un,"[{'screen_name': 'verizon', 'name': 'Verizon', 'id': 59889953, 'id_str': '59889953', 'indices': [27, 35]}]",,2
93,We couldn't be more proud of our very own Vanguard Leadership member @allisongtechie! Congratulations on the @verizon Innovative Learning Award at the Inspiring Women's Luncheon! Bravo! #fcsvanguard https://t.co/zJbXvSkB9f,"[{'screen_name': 'allisongtechie', 'name': 'Giovanna Allison', 'id': 790233609605120005, 'id_str': '790233609605120005', 'indices': [69, 84]}, {'screen_name': 'verizon', 'name': 'Verizon', 'id': 59889953, 'id_str': '59889953', 'indices': [109, 117]}]",,2
94,We need to close the digital divide once and for all! Thank you to @Verizon for leading the way and getting free tech education tools to over 1 million kids so far.,"[{'screen_name': 'verizon', 'name': 'Verizon', 'id': 59889953, 'id_str': '59889953', 'indices': [67, 75]}]",,2
95,"The future is here! More places should follow @Verizon and Sacramento‚Äôs  example, and use technology to make cities more environmentally friendly. https://t.co/TJgomSw4fs","[{'screen_name': 'verizon', 'name': 'Verizon', 'id': 59889953, 'id_str': '59889953', 'indices': [46, 54]}]",,2
96,Right here front and center for @jtimberlake #ManOfTheWoodsTour @Verizon https://t.co/OJ0MrL7aEU,"[{'screen_name': 'jtimberlake', 'name': 'Justin Timberlake', 'id': 26565946, 'id_str': '26565946', 'indices': [32, 44]}, {'screen_name': 'verizon', 'name': 'Verizon', 'id': 59889953, 'id_str': '59889953', 'indices': [64, 72]}]",,2
97,"Currently on day 7, and my 6th hour just today dealing with @verizon and @VZWSupport trying to resolve issues for 3 failed HUM devices.  Not one department capable of working with the other.  Including supervisors.","[{'screen_name': 'verizon', 'name': 'Verizon', 'id': 59889953, 'id_str': '59889953', 'indices': [60, 68]}, {'screen_name': 'VZWSupport', 'name': 'Verizon Wireless CS', 'id': 62601419, 'id_str': '62601419', 'indices': [73, 84]}]",,2
98,"The future is here! More places should follow @Verizon and Sacramento‚Äôs  example, and use technology to make cities more environmentally friendly. https://t.co/EfouflUvZ3","[{'screen_name': 'verizon', 'name': 'Verizon', 'id': 59889953, 'id_str': '59889953', 'indices': [46, 54]}]",,2
99,We need to close the digital divide once and for all! Thank you to @Verizon for leading the way and getting free tech education tools to over 1 million kids so far.,"[{'screen_name': 'verizon', 'name': 'Verizon', 'id': 59889953, 'id_str': '59889953', 'indices': [67, 75]}]",,2
100,So glad I pay an insane amount for @verizon just for it to never work. Get your shit together.,"[{'screen_name': 'verizon', 'name': 'Verizon', 'id': 59889953, 'id_str': '59889953', 'indices': [35, 43]}]",,2
101,".@verizon @VZWSupport @VerizonSupport Thks Verizon- over ONE HR-help never came...2 responses-asking if I broke phone (NO-hasn't moved since upgrade today) asking me to ""authenticate""- then NOTHING!!ABSOLUTELY USELESS!!! Call me-oh yeah, home phone hasn't worked in year also!!üëç https://t.co/dM96Orq81J","[{'screen_name': 'verizon', 'name': 'Verizon', 'id': 59889953, 'id_str': '59889953', 'indices': [1, 9]}, {'screen_name': 'VZWSupport', 'name': 'Verizon Wireless CS', 'id': 62601419, 'id_str': '62601419', 'indices': [10, 21]}, {'screen_name': 'VerizonSupport', 'name': 'Verizon Support', 'id': 37435412, 'id_str': '37435412', 'indices': [22, 37]}]",,2
102,"14 years ago today, I asked out a girl.  Now we are married with two kids!  I never knew this would happen.  Wow.  No, I knew the marriage would happen.  I'm talking about the awful customer service from @verizon.

Can I please have my 1,100 dollars back to buy her flowers?","[{'screen_name': 'verizon', 'name': 'Verizon', 'id': 59889953, 'id_str': '59889953', 'indices': [204, 212]}]",,2
103,"By simply adding my name, @Verizon donated on my behalf to help schools in need. Add your name and they'll do the same for you! https://t.co/UDZLy08Nvw #humanability","[{'screen_name': 'verizon', 'name': 'Verizon', 'id': 59889953, 'id_str': '59889953', 'indices': [26, 34]}]",,2
104,We need to close the digital divide once and for all! Thank you to @Verizon for leading the way and getting free tech education tools to over 1 million kids so far.,"[{'screen_name': 'verizon', 'name': 'Verizon', 'id': 59889953, 'id_str': '59889953', 'indices': [67, 75]}]",,2
105,"The future is here! More places should follow @Verizon and Sacramento‚Äôs  example, and use technology to make cities more environmentally friendly. https://t.co/INtQadQFnR","[{'screen_name': 'verizon', 'name': 'Verizon', 'id': 59889953, 'id_str': '59889953', 'indices': [46, 54]}]",,2
106,We need to close the digital divide once and for all! Thank you to @Verizon for leading the way and getting free tech education tools to over 1 million kids so far.,"[{'screen_name': 'verizon', 'name': 'Verizon', 'id': 59889953, 'id_str': '59889953', 'indices': [67, 75]}]",,2
107,This is amazing! Thank you @Verizon for empowering dreamers to be doers through innovative technology. #humanability https://t.co/njVFpE1we8,"[{'screen_name': 'verizon', 'name': 'Verizon', 'id': 59889953, 'id_str': '59889953', 'indices': [27, 35]}]",,2
108,"The future is here! More places should follow @Verizon and Sacramento‚Äôs  example, and use technology to make cities more environmentally friendly. https://t.co/7PukEKxTH7","[{'screen_name': 'verizon', 'name': 'Verizon', 'id': 59889953, 'id_str': '59889953', 'indices': [46, 54]}]",,2
109,"The future is here! More places should follow @Verizon and Sacramento‚Äôs  example, and use technology to make cities more environmentally friendly. https://t.co/mujUprgxZU","[{'screen_name': 'verizon', 'name': 'Verizon', 'id': 59889953, 'id_str': '59889953', 'indices': [46, 54]}]",,2
110,This is amazing! Thank you @Verizon for empowering dreamers to be doers through innovative technology. #humanability https://t.co/LcfpBawXcy,"[{'screen_name': 'verizon', 'name': 'Verizon', 'id': 59889953, 'id_str': '59889953', 'indices': [27, 35]}]",,2
111,This is amazing! Thank you @Verizon for empowering dreamers to be doers through innovative technology. #humanability https://t.co/XxXAqXbjSw,"[{'screen_name': 'verizon', 'name': 'Verizon', 'id': 59889953, 'id_str': '59889953', 'indices': [27, 35]}]",,2
112,"The future is here! More places should follow @Verizon and Sacramento‚Äôs  example, and use technology to make cities more environmentally friendly. https://t.co/9rqirEA9XR","[{'screen_name': 'verizon', 'name': 'Verizon', 'id': 59889953, 'id_str': '59889953', 'indices': [46, 54]}]",,2
113,This is amazing! Thank you @Verizon for empowering dreamers to be doers through innovative technology. #humanability https://t.co/LhGFcoeNjw,"[{'screen_name': 'verizon', 'name': 'Verizon', 'id': 59889953, 'id_str': '59889953', 'indices': [27, 35]}]",,2
114,"The future is here! More places should follow @Verizon and Sacramento‚Äôs  example, and use technology to make cities more environmentally friendly. https://t.co/nHuhTwUJDq","[{'screen_name': 'verizon', 'name': 'Verizon', 'id': 59889953, 'id_str': '59889953', 'indices': [46, 54]}]",,2
115,"By simply adding my name, @Verizon donated on my behalf to help schools in need. Add your name and they'll do the same for you! https://t.co/hONhRtEBZX #humanability","[{'screen_name': 'verizon', 'name': 'Verizon', 'id': 59889953, 'id_str': '59889953', 'indices': [26, 34]}]",,2
116,This is amazing! Thank you @Verizon for empowering dreamers to be doers through innovative technology. #humanability https://t.co/1UbPENOUdX,"[{'screen_name': 'verizon', 'name': 'Verizon', 'id': 59889953, 'id_str': '59889953', 'indices': [27, 35]}]",,2
117,We need to close the digital divide once and for all! Thank you to @Verizon for leading the way and getting free tech education tools to over 1 million kids so far.,"[{'screen_name': 'verizon', 'name': 'Verizon', 'id': 59889953, 'id_str': '59889953', 'indices': [67, 75]}]",,2
118,This is amazing! Thank you @Verizon for empowering dreamers to be doers through innovative technology. #humanability https://t.co/HLfqDFSezf,"[{'screen_name': 'verizon', 'name': 'Verizon', 'id': 59889953, 'id_str': '59889953', 'indices': [27, 35]}]",,2
119,We need to close the digital divide once and for all! Thank you to @Verizon for leading the way and getting free tech education tools to over 1 million kids so far.,"[{'screen_name': 'verizon', 'name': 'Verizon', 'id': 59889953, 'id_str': '59889953', 'indices': [67, 75]}]",,2
120,"The future is here! More places should follow @Verizon and Sacramento‚Äôs  example, and use technology to make cities more environmentally friendly. https://t.co/pOkyAtFSmu","[{'screen_name': 'verizon', 'name': 'Verizon', 'id': 59889953, 'id_str': '59889953', 'indices': [46, 54]}]",,2
121,"The future is here! More places should follow @Verizon and Sacramento‚Äôs  example, and use technology to make cities more environmentally friendly. https://t.co/qnVjilEhNx","[{'screen_name': 'verizon', 'name': 'Verizon', 'id': 59889953, 'id_str': '59889953', 'indices': [46, 54]}]",,2
122,"Hey @verizon or @Google care to explain how a random phishing email got ahold of mine, my father's, and my mother's number and then texted us this shit? https://t.co/Nyv5epIVC1","[{'screen_name': 'verizon', 'name': 'Verizon', 'id': 59889953, 'id_str': '59889953', 'indices': [4, 12]}, {'screen_name': 'Google', 'name': 'Google', 'id': 20536157, 'id_str': '20536157', 'indices': [16, 23]}]",,2
123,"The future is here! More places should follow @Verizon and Sacramento‚Äôs  example, and use technology to make cities more environmentally friendly. https://t.co/IGss3HAg3a","[{'screen_name': 'verizon', 'name': 'Verizon', 'id': 59889953, 'id_str': '59889953', 'indices': [46, 54]}]",,2
124,This is amazing! Thank you @Verizon for empowering dreamers to be doers through innovative technology. #humanability https://t.co/zLmSt2M8RT,"[{'screen_name': 'verizon', 'name': 'Verizon', 'id': 59889953, 'id_str': '59889953', 'indices': [27, 35]}]",,2
125,We need to close the digital divide once and for all! Thank you to @Verizon for leading the way and getting free tech education tools to over 1 million kids so far.,"[{'screen_name': 'verizon', 'name': 'Verizon', 'id': 59889953, 'id_str': '59889953', 'indices': [67, 75]}]",,2
126,This is amazing! Thank you @Verizon for empowering dreamers to be doers through innovative technology. #humanability https://t.co/6XZDAEUCPs,"[{'screen_name': 'verizon', 'name': 'Verizon', 'id': 59889953, 'id_str': '59889953', 'indices': [27, 35]}]",,2
127,"My boy @RealAaronHarvey done got got. 

@verizon and @VerizonSupport don't seem to care. 

Thanks for basically taking food out of a little girl's mouth.... https://t.co/qnQmjZdskS","[{'screen_name': 'RealAaronHarvey', 'name': 'Aaron Harvey', 'id': 22103003, 'id_str': '22103003', 'indices': [7, 23]}, {'screen_name': 'verizon', 'name': 'Verizon', 'id': 59889953, 'id_str': '59889953', 'indices': [40, 48]}, {'screen_name': 'VerizonSupport', 'name': 'Verizon Support', 'id': 37435412, 'id_str': '37435412', 'indices': [53, 68]}]",,2
128,We need to close the digital divide once and for all! Thank you to @Verizon for leading the way and getting free tech education tools to over 1 million kids so far.,"[{'screen_name': 'verizon', 'name': 'Verizon', 'id': 59889953, 'id_str': '59889953', 'indices': [67, 75]}]",,2
129,"The future is here! More places should follow @Verizon and Sacramento‚Äôs  example, and use technology to make cities more environmentally friendly. https://t.co/mVJgYXcxn0","[{'screen_name': 'verizon', 'name': 'Verizon', 'id': 59889953, 'id_str': '59889953', 'indices': [46, 54]}]",,2
130,This is amazing! Thank you @Verizon for empowering dreamers to be doers through innovative technology. #humanability #wemakeabiggerdifferencetogether https://t.co/hLNbjUf1vP,"[{'screen_name': 'verizon', 'name': 'Verizon', 'id': 59889953, 'id_str': '59889953', 'indices': [27, 35]}]",,2
131,"By simply adding my name, @Verizon donated on my behalf to help schools in need. Add your name and they'll do the same for you! https://t.co/6v4VFYQbdi #humanability","[{'screen_name': 'verizon', 'name': 'Verizon', 'id': 59889953, 'id_str': '59889953', 'indices': [26, 34]}]",,2
132,"The future is here! More places should follow @Verizon and Sacramento‚Äôs  example, and use technology to make cities more environmentally friendly. https://t.co/z6WMwAKq5Q","[{'screen_name': 'verizon', 'name': 'Verizon', 'id': 59889953, 'id_str': '59889953', 'indices': [46, 54]}]",,2
133,This is amazing! Thank you @Verizon for empowering dreamers to be doers through innovative technology. #humanability https://t.co/HyTC7sY4tD,"[{'screen_name': 'verizon', 'name': 'Verizon', 'id': 59889953, 'id_str': '59889953', 'indices': [27, 35]}]",,2
134,This is amazing! Thank you @Verizon for empowering dreamers to be doers through innovative technology. #humanability https://t.co/vBsVCJ6xvf,"[{'screen_name': 'verizon', 'name': 'Verizon', 'id': 59889953, 'id_str': '59889953', 'indices': [27, 35]}]",,2
135,For real now @verizon would you press charges against anyone who walked in took any phone you have on your store and walk out without paying for it because it was ‚Äúaccessible‚Äù to them??,"[{'screen_name': 'verizon', 'name': 'Verizon', 'id': 59889953, 'id_str': '59889953', 'indices': [13, 21]}]",,2
136,"By simply adding my name, @Verizon donated on my behalf to help schools in need. Add your name and they'll do the same for you! https://t.co/pqDwdqjA41 #humanability","[{'screen_name': 'verizon', 'name': 'Verizon', 'id': 59889953, 'id_str': '59889953', 'indices': [26, 34]}]",,2
137,Hey @ATT @ATTCares I hope your business isn‚Äôt like @verizon @VerizonSupport. Maybe you can make cellphones companies great again.,"[{'screen_name': 'ATT', 'name': 'AT&T', 'id': 14620190, 'id_str': '14620190', 'indices': [4, 8]}, {'screen_name': 'ATTCares', 'name': 'ATTCares', 'id': 62643312, 'id_str': '62643312', 'indices': [9, 18]}, {'screen_name': 'verizon', 'name': 'Verizon', 'id': 59889953, 'id_str': '59889953', 'indices': [51, 59]}, {'screen_name': 'VerizonSupport', 'name': 'Verizon Support', 'id': 37435412, 'id_str': '37435412', 'indices': [60, 75]}]",,2
138,"Sure, Brett Kavanaugh is bad, but have you heard of @Verizon?","[{'screen_name': 'verizon', 'name': 'Verizon', 'id': 59889953, 'id_str': '59889953', 'indices': [52, 60]}]",,2
139,This is amazing! Thank you @Verizon for empowering dreamers to be doers through innovative technology. #humanability https://t.co/VPz9LPQaGC,"[{'screen_name': 'verizon', 'name': 'Verizon', 'id': 59889953, 'id_str': '59889953', 'indices': [27, 35]}]",,2
140,"The future is here! More places should follow @Verizon and Sacramento‚Äôs  example, and use technology to make cities more environmentally friendly. https://t.co/FugoNlcRQX","[{'screen_name': 'verizon', 'name': 'Verizon', 'id': 59889953, 'id_str': '59889953', 'indices': [46, 54]}]",,2
141,"The future is here! More places should follow @Verizon and Sacramento‚Äôs  example, and use technology to make cities more environmentally friendly. https://t.co/I4fRYnGlID","[{'screen_name': 'verizon', 'name': 'Verizon', 'id': 59889953, 'id_str': '59889953', 'indices': [46, 54]}]",,2
142,"The future is here! More places should follow @Verizon and Sacramento‚Äôs  example, and use technology to make cities more environmentally friendly. https://t.co/re5eIdpcMg","[{'screen_name': 'verizon', 'name': 'Verizon', 'id': 59889953, 'id_str': '59889953', 'indices': [46, 54]}]",,2
143,We need to close the digital divide once and for all! Thank you to @Verizon for leading the way and getting free tech education tools to over 1 million kids so far.,"[{'screen_name': 'verizon', 'name': 'Verizon', 'id': 59889953, 'id_str': '59889953', 'indices': [67, 75]}]",,2
144,"The future is here! More places should follow @Verizon and Sacramento‚Äôs  example, and use technology to make cities more environmentally friendly. https://t.co/i3bqYqT11s","[{'screen_name': 'verizon', 'name': 'Verizon', 'id': 59889953, 'id_str': '59889953', 'indices': [46, 54]}]",,2
145,We're sure you know that mobile carriers like @ATT and @verizon are racing to build the best 5G networks. But a battle is brewing over how much the companies should pay for access to public utility poles and other rights-of-way. https://t.co/8GkDdhMBYU #5G https://t.co/t7LBr0YHWD,"[{'screen_name': 'ATT', 'name': 'AT&T', 'id': 14620190, 'id_str': '14620190', 'indices': [46, 50]}, {'screen_name': 'verizon', 'name': 'Verizon', 'id': 59889953, 'id_str': '59889953', 'indices': [55, 63]}]",,2
146,"The future is here! More places should follow @Verizon and Sacramento‚Äôs  example, and use technology to make cities more environmentally friendly. https://t.co/p40WwOXIb2","[{'screen_name': 'verizon', 'name': 'Verizon', 'id': 59889953, 'id_str': '59889953', 'indices': [46, 54]}]",,2
147,This is amazing! Thank you @Verizon for empowering dreamers to be doers through innovative technology. #humanability https://t.co/c7GLMxShrh,"[{'screen_name': 'verizon', 'name': 'Verizon', 'id': 59889953, 'id_str': '59889953', 'indices': [27, 35]}]",,2
148,We need to close the digital divide once and for all! Thank you to @Verizon for leading the way and getting free tech education tools to over 1 million kids so far.,"[{'screen_name': 'verizon', 'name': 'Verizon', 'id': 59889953, 'id_str': '59889953', 'indices': [67, 75]}]",,2
149,"The future is here! More places should follow @Verizon and Sacramento‚Äôs  example, and use technology to make cities more environmentally friendly. https://t.co/OO6psQnXaz","[{'screen_name': 'verizon', 'name': 'Verizon', 'id': 59889953, 'id_str': '59889953', 'indices': [46, 54]}]",,2
150,"The future is here! More places should follow @Verizon and Sacramento‚Äôs  example, and use technology to make cities more environmentally friendly. https://t.co/dNvpB0Mp6D","[{'screen_name': 'verizon', 'name': 'Verizon', 'id': 59889953, 'id_str': '59889953', 'indices': [46, 54]}]",,2
151,". Hey @VZWSupport @VerizonSupport @verizon Call me!!! Oh, that's right, u can't- NEITHER phone works now!!! https://t.co/moXG9fwQPj","[{'screen_name': 'VZWSupport', 'name': 'Verizon Wireless CS', 'id': 62601419, 'id_str': '62601419', 'indices': [6, 17]}, {'screen_name': 'VerizonSupport', 'name': 'Verizon Support', 'id': 37435412, 'id_str': '37435412', 'indices': [18, 33]}, {'screen_name': 'verizon', 'name': 'Verizon', 'id': 59889953, 'id_str': '59889953', 'indices': [34, 42]}]",,2
152,What did your carrier give you today other than a headache and hidden fees? #GetThanked #TMobileTuesdays @TMobile @ATT @verizon https://t.co/PJlqDRsJrS,"[{'screen_name': 'TMobile', 'name': 'T-Mobile', 'id': 17338082, 'id_str': '17338082', 'indices': [105, 113]}, {'screen_name': 'ATT', 'name': 'AT&T', 'id': 14620190, 'id_str': '14620190', 'indices': [114, 118]}, {'screen_name': 'verizon', 'name': 'Verizon', 'id': 59889953, 'id_str': '59889953', 'indices': [119, 127]}]",,2
153,This is amazing! Thank you @Verizon for empowering dreamers to be doers through innovative technology. #humanability https://t.co/u1MLLL6lU7,"[{'screen_name': 'verizon', 'name': 'Verizon', 'id': 59889953, 'id_str': '59889953', 'indices': [27, 35]}]",,2
154,"Look all I'm saying is @verizon and @ATT has had a service outage all day in my area, but @TMobile has been running strong all damn day. @JohnLegere is the king üëë","[{'screen_name': 'verizon', 'name': 'Verizon', 'id': 59889953, 'id_str': '59889953', 'indices': [23, 31]}, {'screen_name': 'ATT', 'name': 'AT&T', 'id': 14620190, 'id_str': '14620190', 'indices': [36, 40]}, {'screen_name': 'TMobile', 'name': 'T-Mobile', 'id': 17338082, 'id_str': '17338082', 'indices': [90, 98]}, {'screen_name': 'JohnLegere', 'name': 'John Legere', 'id': 1394399438, 'id_str': '1394399438', 'indices': [137, 148]}]",,2
155,". So @VZWSupport @VerizonSupport @verizon Now BOTH my home phone (which is STILL busted- almost a year!) &amp; cell don't work! üëèüëèüëè Great, really great. https://t.co/kWTgjVl23m","[{'screen_name': 'VZWSupport', 'name': 'Verizon Wireless CS', 'id': 62601419, 'id_str': '62601419', 'indices': [5, 16]}, {'screen_name': 'VerizonSupport', 'name': 'Verizon Support', 'id': 37435412, 'id_str': '37435412', 'indices': [17, 32]}, {'screen_name': 'verizon', 'name': 'Verizon', 'id': 59889953, 'id_str': '59889953', 'indices': [33, 41]}]",,2
156,This is amazing! Thank you @Verizon for empowering dreamers to be doers through innovative technology. #humanability https://t.co/aApymxACPD,"[{'screen_name': 'verizon', 'name': 'Verizon', 'id': 59889953, 'id_str': '59889953', 'indices': [27, 35]}]",,2
157,This is amazing! Thank you @Verizon for empowering dreamers to be doers through innovative technology. #humanability https://t.co/LY5uiNXbhQ,"[{'screen_name': 'verizon', 'name': 'Verizon', 'id': 59889953, 'id_str': '59889953', 'indices': [27, 35]}]",,2
158,"You know what.. I‚Äôm going to sue @VZWSupport @verizon . My service has been disconnected. As in I didn‚Äôt pay the bill. However, a scam telemarketing company just called my phone. I had a nice 10 min conversation. I‚Äôm going to be rich.","[{'screen_name': 'VZWSupport', 'name': 'Verizon Wireless CS', 'id': 62601419, 'id_str': '62601419', 'indices': [33, 44]}, {'screen_name': 'verizon', 'name': 'Verizon', 'id': 59889953, 'id_str': '59889953', 'indices': [45, 53]}]",,2
159,"By simply adding my name, @Verizon donated on my behalf to help schools in need. Add your name and they'll do the same for you! https://t.co/yHcTmndzit #humanability","[{'screen_name': 'verizon', 'name': 'Verizon', 'id': 59889953, 'id_str': '59889953', 'indices': [26, 34]}]",,2
160,"By simply adding my name, @Verizon donated on my behalf to help schools in need. Add your name and they'll do the same for you! https://t.co/bLvVtE685j #humanability","[{'screen_name': 'verizon', 'name': 'Verizon', 'id': 59889953, 'id_str': '59889953', 'indices': [26, 34]}]",,2
161,"The future is here! More places should follow @Verizon and Sacramento‚Äôs  example, and use technology to make cities more environmentally friendly. https://t.co/HygipuAfua","[{'screen_name': 'verizon', 'name': 'Verizon', 'id': 59889953, 'id_str': '59889953', 'indices': [46, 54]}]",,2
162,"The future is here! More places should follow @Verizon and Sacramento‚Äôs  example, and use technology to make cities more environmentally friendly. https://t.co/lv0m70ZOPl","[{'screen_name': 'verizon', 'name': 'Verizon', 'id': 59889953, 'id_str': '59889953', 'indices': [46, 54]}]",,2
163,"By simply adding my name, @Verizon donated on my behalf to help schools in need. Add your name and they'll do the same for you! https://t.co/olb0ajUyCA #humanability","[{'screen_name': 'verizon', 'name': 'Verizon', 'id': 59889953, 'id_str': '59889953', 'indices': [26, 34]}]",,2
164,We need to close the digital divide once and for all! Thank you to @Verizon for leading the way and getting free tech education tools to over 1 million kids so far.,"[{'screen_name': 'verizon', 'name': 'Verizon', 'id': 59889953, 'id_str': '59889953', 'indices': [67, 75]}]",,2
165,"The future is here! More places should follow @Verizon and Sacramento‚Äôs  example, and use technology to make cities more environmentally friendly. https://t.co/xCCCw6G9Ok","[{'screen_name': 'verizon', 'name': 'Verizon', 'id': 59889953, 'id_str': '59889953', 'indices': [46, 54]}]",,2
166,"The future is here! More places should follow @Verizon and Sacramento‚Äôs  example, and use technology to make cities more environmentally friendly. https://t.co/VlGK9Z5FvN","[{'screen_name': 'verizon', 'name': 'Verizon', 'id': 59889953, 'id_str': '59889953', 'indices': [46, 54]}]",,2
167,We need to close the digital divide once and for all! Thank you to @Verizon for leading the way and getting free tech education tools to over 1 million kids so far.,"[{'screen_name': 'verizon', 'name': 'Verizon', 'id': 59889953, 'id_str': '59889953', 'indices': [67, 75]}]",,2
168,"The future is here! More places should follow @Verizon and Sacramento‚Äôs  example, and use technology to make cities more environmentally friendly. https://t.co/wyZZicNV9Z","[{'screen_name': 'verizon', 'name': 'Verizon', 'id': 59889953, 'id_str': '59889953', 'indices': [46, 54]}]",,2
169,"Aaliyah Mezilus. By simply adding my name, @Verizon donated on my behalf to help schools in need. Add your name and they'll do the same for you! https://t.co/crkAUuEcre #humanability","[{'screen_name': 'verizon', 'name': 'Verizon', 'id': 59889953, 'id_str': '59889953', 'indices': [43, 51]}]",,2
170,"My god!  Another day, another train ride on @MetroNorth and another day hating @verizon and their terrible service and the ridiculousness that I need to connect to them @VZWSupport to diagnosis the issue - i can barely connect???","[{'screen_name': 'MetroNorth', 'name': 'Metro-North Railroad', 'id': 101803450, 'id_str': '101803450', 'indices': [44, 55]}, {'screen_name': 'verizon', 'name': 'Verizon', 'id': 59889953, 'id_str': '59889953', 'indices': [79, 87]}, {'screen_name': 'VZWSupport', 'name': 'Verizon Wireless CS', 'id': 62601419, 'id_str': '62601419', 'indices': [169, 180]}]",,2
171,"The @verizon LTE network in NY/NJ has been amazing. In a venue with tons of people? Able to use data like a champ? Middle of Times Square? Same. When others had no usable signal, my phone saved the day. #bettermatters","[{'screen_name': 'verizon', 'name': 'Verizon', 'id': 59889953, 'id_str': '59889953', 'indices': [4, 12]}]",,2
172,"A tale! My company has multiple locations, all with @verizon. It‚Äôs incredibly slow. We call about one location, they send a tech, and problem solved! We call about another, I spend a million years on hold, and they refuse to send anyone. Why?!?","[{'screen_name': 'verizon', 'name': 'Verizon', 'id': 59889953, 'id_str': '59889953', 'indices': [52, 60]}]",,2
173,This is amazing! Thank you @Verizon for empowering dreamers to be doers through innovative technology. #humanability https://t.co/WU64ZeDIjw,"[{'screen_name': 'verizon', 'name': 'Verizon', 'id': 59889953, 'id_str': '59889953', 'indices': [27, 35]}]",,2
174,"The future is here! More places should follow @Verizon and Sacramento‚Äôs  example, and use technology to make cities more environmentally friendly. https://t.co/59Mfv2VhzY","[{'screen_name': 'verizon', 'name': 'Verizon', 'id': 59889953, 'id_str': '59889953', 'indices': [46, 54]}]",,2
175,Wow! @verizon do you have any class? Sending this out to veterans only to charge them more. Who‚Äôs running your PR dept? Fire them immediately! #Veterans #USA https://t.co/R3YcWZmfZP,"[{'screen_name': 'verizon', 'name': 'Verizon', 'id': 59889953, 'id_str': '59889953', 'indices': [5, 13]}]",,2
176,$148 needed for a #chromebook while donations match from @verizon! https://t.co/ggVwjx9Yls via @donorschoose #elvisgivesback #verizon #donorschoose #samsung,"[{'screen_name': 'verizon', 'name': 'Verizon', 'id': 59889953, 'id_str': '59889953', 'indices': [57, 65]}, {'screen_name': 'DonorsChoose', 'name': 'DonorsChoose', 'id': 17232815, 'id_str': '17232815', 'indices': [95, 108]}]",,2
177,"The future is here! More places should follow @Verizon and Sacramento‚Äôs  example, and use technology to make cities more environmentally friendly. https://t.co/Gq1ps6fw5Y","[{'screen_name': 'verizon', 'name': 'Verizon', 'id': 59889953, 'id_str': '59889953', 'indices': [46, 54]}]",,2
178,Had a supervisor with @verizon tell me she would personally call me yesterday.  Did she?  Nope.  Verizon store told me I was getting my money back soon.  Am I?  Nope.  Rep told me last week to take phones to store and I'd get my money.  Nope. https://t.co/FnZS0gbPI0,"[{'screen_name': 'verizon', 'name': 'Verizon', 'id': 59889953, 'id_str': '59889953', 'indices': [22, 30]}]",,2
179,We need to close the digital divide once and for all! Thank you to @Verizon for leading the way and getting free tech education tools to over 1 million kids so far.,"[{'screen_name': 'verizon', 'name': 'Verizon', 'id': 59889953, 'id_str': '59889953', 'indices': [67, 75]}]",,2
180,"The future is here! More places should follow @Verizon and Sacramento‚Äôs  example, and use technology to make cities more environmentally friendly. https://t.co/rK2atcvhGa","[{'screen_name': 'verizon', 'name': 'Verizon', 'id': 59889953, 'id_str': '59889953', 'indices': [46, 54]}]",,2
181,"By simply adding my name, @Verizon donated on my behalf to help schools in need. Add your name and they'll do the same for you! https://t.co/wfaLN7oQPC #humanability","[{'screen_name': 'verizon', 'name': 'Verizon', 'id': 59889953, 'id_str': '59889953', 'indices': [26, 34]}]",,2
182,Might not want to put a commercial on about being the best network when all of my calls have been dropped today. @verizon,"[{'screen_name': 'verizon', 'name': 'Verizon', 'id': 59889953, 'id_str': '59889953', 'indices': [113, 121]}]",,2
183,"4chan Russian/Chinese trolls or neglected kids in grandma's basement?  
Vandalism, hate and hacking is a brew we as a progressive society shouldn't tolerate.
Time to pull their plug.
@ATT and @verizon blocked them!

https://t.co/NNisfrzTHK","[{'screen_name': 'ATT', 'name': 'AT&T', 'id': 14620190, 'id_str': '14620190', 'indices': [183, 187]}, {'screen_name': 'verizon', 'name': 'Verizon', 'id': 59889953, 'id_str': '59889953', 'indices': [192, 200]}]",,2
184,"The future is here! More places should follow @Verizon and Sacramento‚Äôs  example, and use technology to make cities more environmentally friendly. https://t.co/r0PSabH10w","[{'screen_name': 'verizon', 'name': 'Verizon', 'id': 59889953, 'id_str': '59889953', 'indices': [46, 54]}]",,2
185,ITS FIXED S/O TO TONY @ BLOOMINGTON @VERIZON ‚ô•Ô∏è‚ô•Ô∏è‚ô•Ô∏è https://t.co/mH38LxsrPP,"[{'screen_name': 'verizon', 'name': 'Verizon', 'id': 59889953, 'id_str': '59889953', 'indices': [36, 44]}]",,2
186,Total BS from @Verizon. NO Quick Pay link; no payment link!!!; requires a password to reach customer service; don't have an account setup so can't find a human being. 15 hurdles to pay a bill. NO COMMON SENSE AT ALL. Truly horrific #CustomerService. #Verizon #mobilephone #phone,"[{'screen_name': 'verizon', 'name': 'Verizon', 'id': 59889953, 'id_str': '59889953', 'indices': [14, 22]}]",,2
187,Hey @verizon! @Ask_Spectrum can't seem to get my cable and internet working after the storm. Can we get an extension on that unlimited data?,"[{'screen_name': 'verizon', 'name': 'Verizon', 'id': 59889953, 'id_str': '59889953', 'indices': [4, 12]}, {'screen_name': 'Ask_Spectrum', 'name': 'Ask Spectrum', 'id': 19638927, 'id_str': '19638927', 'indices': [14, 27]}]",,2
188,We need to close the digital divide once and for all! Thank you to @Verizon for leading the way and getting free tech education tools to over 1 million kids so far.,"[{'screen_name': 'verizon', 'name': 'Verizon', 'id': 59889953, 'id_str': '59889953', 'indices': [67, 75]}]",,2
189,This is amazing! Thank you @Verizon for empowering dreamers to be doers through innovative technology. #humanability https://t.co/1GmyYRmbYa,"[{'screen_name': 'verizon', 'name': 'Verizon', 'id': 59889953, 'id_str': '59889953', 'indices': [27, 35]}]",,2
190,This is amazing! Thank you @Verizon for empowering dreamers to be doers through innovative technology. #humanability https://t.co/ncXILKsZKr,"[{'screen_name': 'verizon', 'name': 'Verizon', 'id': 59889953, 'id_str': '59889953', 'indices': [27, 35]}]",,2
191,"So... @verizon @VerizonSupport... Because of this outage, are we gonna get any sort of compensation? I mean, I'm on call for work, and if I can't send/receive calls, it's not just me in trouble, it's the clients I serve and the patients they serve. https://t.co/0K1MX1jb5f","[{'screen_name': 'verizon', 'name': 'Verizon', 'id': 59889953, 'id_str': '59889953', 'indices': [6, 14]}, {'screen_name': 'VerizonSupport', 'name': 'Verizon Support', 'id': 37435412, 'id_str': '37435412', 'indices': [15, 30]}]",,2
192,"The future is here! More places should follow @Verizon and Sacramento‚Äôs  example, and use technology to make cities more environmentally friendly. https://t.co/YjLOOPxhuq","[{'screen_name': 'verizon', 'name': 'Verizon', 'id': 59889953, 'id_str': '59889953', 'indices': [46, 54]}]",,2
193,"I just love going to the @verizon authorized dealer and being told things that are patently untrue, don‚Äôt you?","[{'screen_name': 'verizon', 'name': 'Verizon', 'id': 59889953, 'id_str': '59889953', 'indices': [25, 33]}]",,2
194,"The future is here! More places should follow @Verizon and Sacramento‚Äôs  example, and use technology to make cities more environmentally friendly. https://t.co/i5JBAP8f8h","[{'screen_name': 'verizon', 'name': 'Verizon', 'id': 59889953, 'id_str': '59889953', 'indices': [46, 54]}]",,2
195,". Hey @Verizon @verizonsupport @VZWSupport Did system update today on my LG g5- &amp; NOW IT WON'T BOOT UP!!! I've tried safe mode, USB debug mode- whatever I try, only get to white Verizon screen, w rotating circles- &amp; stays there!!! (Do NOT want to do ""factory reset""!)","[{'screen_name': 'verizon', 'name': 'Verizon', 'id': 59889953, 'id_str': '59889953', 'indices': [6, 14]}, {'screen_name': 'VerizonSupport', 'name': 'Verizon Support', 'id': 37435412, 'id_str': '37435412', 'indices': [15, 30]}, {'screen_name': 'VZWSupport', 'name': 'Verizon Wireless CS', 'id': 62601419, 'id_str': '62601419', 'indices': [31, 42]}]",,2
196,This is amazing! Thank you @Verizon for empowering dreamers to be doers through innovative technology. #humanability https://t.co/GDhb6gzZTY,"[{'screen_name': 'verizon', 'name': 'Verizon', 'id': 59889953, 'id_str': '59889953', 'indices': [27, 35]}]",,2
197,"By simply adding my name, @Verizon donated on my behalf to help schools in need. Add your name and they'll do the same for you! https://t.co/5wYrOyxNEV #humanability","[{'screen_name': 'verizon', 'name': 'Verizon', 'id': 59889953, 'id_str': '59889953', 'indices': [26, 34]}]",,2
198,"If anyone in Twitterland is interested, you can buy my phones.  Google Pixel 2 XL and iPhone 8+.  Both in excellent condition.  Asking $1,134.  Purchased through @verizon, but can be used with different services.  I'd avoid Verizon at all costs.","[{'screen_name': 'verizon', 'name': 'Verizon', 'id': 59889953, 'id_str': '59889953', 'indices': [162, 170]}]",,2
199,We need to close the digital divide once and for all! Thank you to @Verizon for leading the way and getting free tech education tools to over 1 million kids so far.,"[{'screen_name': 'verizon', 'name': 'Verizon', 'id': 59889953, 'id_str': '59889953', 'indices': [67, 75]}]",,2
